{
"type": "FeatureCollection",
"name": "INDIA_STATES",
"features": [
{ "type": "Feature", "properties": { "id": "1", "STNAME": "ARUNACHAL PRADESH", "STCODE11": "12", "STNAME_SH": "Arunachal Pradesh", "Shape_Le_1": 2937126.7029260099, "Shape_Area": 105781735368.52299, "OBJECTID_1": 1, "OBJECTID": 1, "State_LGD": 12, "Shape_Leng": 2937126.7029300001, "MaxSimpTol": 300, "MinSimpTol": 300 }, "geometry": { "type": "Polygon", "coordinates": [ [ [ 95.2342736, 26.682409 ], [ 95.3038712, 26.650349 ], [ 95.4299349, 26.699672 ], [ 95.542867, 26.8353105 ], [ 95.6085251, 26.8131151 ], [ 95.6676175, 26.9031298 ], [ 95.7450941, 26.8969644 ], [ 95.8028733, 27.0153398 ], [ 95.9460081, 27.051099 ], [ 96.0221715, 27.179339 ], [ 96.2283382, 27.2792183 ], [ 96.4213732, 27.3014136 ], [ 96.5172341, 27.2853836 ], [ 96.605216, 27.3655336 ], [ 96.7037033, 27.371699 ], [ 96.7969379, 27.3458044 ], [ 96.8849198, 27.2607221 ], [ 96.8573434, 27.1929029 ], [ 97.0083571, 27.1398805 ], [ 97.071389, 27.0893244 ], [ 97.1383603, 27.0917905 ], [ 97.1633104, 27.1435798 ], [ 97.0910864, 27.2138652 ], [ 96.9610833, 27.403759 ], [ 96.9033041, 27.4530821 ], [ 96.9282542, 27.5122698 ], [ 96.8901724, 27.578856 ], [ 96.93482, 27.6614721 ], [ 96.983407, 27.6664044 ], [ 97.0188624, 27.739156 ], [ 97.0884601, 27.7342237 ], [ 97.0950259, 27.7798475 ], [ 97.2526055, 27.9006891 ], [ 97.385235, 27.8871252 ], [ 97.3747297, 27.9771399 ], [ 97.4114983, 28.0153652 ], [ 97.3077584, 28.0622222 ], [ 97.32089, 28.139906 ], [ 97.3970535, 28.1929283 ], [ 97.2788688, 28.2693791 ], [ 97.1711894, 28.2915745 ], [ 97.0897733, 28.363093 ], [ 96.9939123, 28.3100707 ], [ 96.8967383, 28.379123 ], [ 96.7719878, 28.3680253 ], [ 96.6629952, 28.4605061 ], [ 96.5776396, 28.4580399 ], [ 96.4568286, 28.4136491 ], [ 96.4213732, 28.3458299 ], [ 96.3688466, 28.3889876 ], [ 96.2624804, 28.4087168 ], [ 96.371473, 28.4827014 ], [ 96.3228859, 28.5258591 ], [ 96.4056152, 28.5591522 ], [ 96.4935971, 28.6331368 ], [ 96.4699602, 28.6799938 ], [ 96.5855186, 28.7169861 ], [ 96.6025897, 28.7996022 ], [ 96.5369315, 28.8797522 ], [ 96.5185472, 28.9673007 ], [ 96.476526, 28.9907292 ], [ 96.5251131, 29.0758115 ], [ 96.435818, 29.0338869 ], [ 96.3465229, 29.0289546 ], [ 96.1744985, 28.9007146 ], [ 96.1850038, 28.9845638 ], [ 96.1154061, 29.0745784 ], [ 96.2611673, 29.1571946 ], [ 96.3465229, 29.1682923 ], [ 96.3754125, 29.2805023 ], [ 96.2440961, 29.2324123 ], [ 96.1508615, 29.3976446 ], [ 96.082577, 29.4617646 ], [ 95.9591397, 29.3816146 ], [ 95.8816631, 29.3902461 ], [ 95.5875145, 29.2163823 ], [ 95.5389275, 29.212683 ], [ 95.5481196, 29.1276007 ], [ 95.4982194, 29.1386984 ], [ 95.454885, 29.0351199 ], [ 95.2513447, 29.06718 ], [ 95.2526579, 29.1091046 ], [ 95.1226547, 29.11527 ], [ 95.1003309, 29.1423977 ], [ 94.8731537, 29.1830892 ], [ 94.7996165, 29.164593 ], [ 94.7996165, 29.2089838 ], [ 94.6446633, 29.3470884 ], [ 94.5606208, 29.228713 ], [ 94.433244, 29.2262469 ], [ 94.3597069, 29.1522623 ], [ 94.2901092, 29.14733 ], [ 94.2165721, 29.084443 ], [ 94.1574797, 28.9549699 ], [ 93.9972738, 28.8402938 ], [ 94.0038396, 28.7749407 ], [ 93.9276761, 28.6713622 ], [ 93.84626, 28.7071215 ], [ 93.6217091, 28.6577984 ], [ 93.4930191, 28.683693 ], [ 93.339379, 28.6405353 ], [ 93.2776603, 28.5048968 ], [ 93.1831126, 28.4321453 ], [ 93.2330128, 28.4000853 ], [ 93.1949311, 28.3174691 ], [ 93.025533, 28.3026722 ], [ 93.0018961, 28.2299206 ], [ 92.9664406, 28.2607476 ], [ 92.8298717, 28.1707329 ], [ 92.8180532, 28.2015599 ], [ 92.6893632, 28.1251091 ], [ 92.6630999, 28.0671545 ], [ 92.7405766, 27.9894706 ], [ 92.6709789, 27.899456 ], [ 92.5619864, 27.8205391 ], [ 92.502894, 27.8415014 ], [ 92.3085459, 27.7786145 ], [ 92.2665246, 27.8575314 ], [ 92.1575321, 27.8365691 ], [ 92.0577317, 27.7588852 ], [ 91.9855077, 27.7699829 ], [ 91.9211627, 27.7144944 ], [ 91.8620703, 27.7366898 ], [ 91.8305544, 27.8069752 ], [ 91.7609568, 27.8008098 ], [ 91.6716617, 27.8562983 ], [ 91.5469112, 27.8550652 ], [ 91.6309536, 27.8008098 ], [ 91.625701, 27.7058629 ], [ 91.5600428, 27.6331114 ], [ 91.5639823, 27.5837883 ], [ 91.6545906, 27.482676 ], [ 91.8502519, 27.482676 ], [ 91.9408601, 27.4604806 ], [ 92.0196499, 27.4789767 ], [ 92.060358, 27.3260752 ], [ 92.1220767, 27.2866167 ], [ 92.0262158, 27.1707075 ], [ 92.0459132, 27.051099 ], [ 92.1036924, 27.0067082 ], [ 92.1115714, 26.8920321 ], [ 92.1943007, 26.8895659 ], [ 92.4477412, 26.9586182 ], [ 92.582997, 26.9598513 ], [ 92.6722921, 27.0313698 ], [ 92.8863377, 26.9993098 ], [ 93.0215935, 26.9129944 ], [ 93.3223079, 26.9598513 ], [ 93.4890796, 26.9364228 ], [ 93.6597908, 26.9672498 ], [ 93.8357547, 27.0745275 ], [ 93.805552, 27.1485121 ], [ 93.990708, 27.3285413 ], [ 94.0603056, 27.3618344 ], [ 94.1561666, 27.4752775 ], [ 94.2677854, 27.5209014 ], [ 94.224451, 27.5739237 ], [ 94.3636463, 27.5739237 ], [ 94.4319308, 27.6010514 ], [ 94.4621336, 27.5554275 ], [ 94.6879977, 27.6651714 ], [ 94.7536558, 27.6602391 ], [ 94.8521431, 27.7280583 ], [ 95.3091239, 27.867396 ], [ 95.3800347, 27.8390352 ], [ 95.5139774, 27.8797268 ], [ 95.6045856, 27.9549445 ], [ 95.8238839, 27.9722075 ], [ 95.9722713, 27.9623429 ], [ 95.9381291, 27.8982229 ], [ 95.7752968, 27.7539529 ], [ 95.7779232, 27.6244798 ], [ 95.8764104, 27.5443298 ], [ 95.8448945, 27.4210221 ], [ 95.9407554, 27.4370521 ], [ 96.018232, 27.3643006 ], [ 95.8921684, 27.2557898 ], [ 95.8593393, 27.2878498 ], [ 95.5875145, 27.2224967 ], [ 95.5297353, 27.2644213 ], [ 95.4561982, 27.2027675 ], [ 95.4535718, 27.1300159 ], [ 95.3550846, 27.1041213 ], [ 95.2460921, 27.0239713 ], [ 95.1948787, 27.0313698 ], [ 95.2277078, 26.8809344 ], [ 95.1856865, 26.8661374 ], [ 95.2342736, 26.682409 ] ] ] } },
{ "type": "Feature", "properties": { "id": "2", "STNAME": "ASSAM", "STCODE11": "18", "STNAME_SH": "Assam", "Shape_Le_1": 3409653.58716902, "Shape_Area": 98168754005.690994, "OBJECTID_1": 2, "OBJECTID": 2, "State_LGD": 18, "Shape_Leng": 3409653.5871700002, "MaxSimpTol": 300, "MinSimpTol": 300 }, "geometry": { "type": "Polygon", "coordinates": [ [ [ 95.1948787, 27.0313698 ], [ 95.2460921, 27.0239713 ], [ 95.3550846, 27.1041213 ], [ 95.4535718, 27.1300159 ], [ 95.4561982, 27.2027675 ], [ 95.5297353, 27.2644213 ], [ 95.5875145, 27.2224967 ], [ 95.8593393, 27.2878498 ], [ 95.8921684, 27.2557898 ], [ 96.018232, 27.3643006 ], [ 95.9407554, 27.4370521 ], [ 95.8448945, 27.4210221 ], [ 95.8764104, 27.5443298 ], [ 95.7779232, 27.6244798 ], [ 95.7752968, 27.7539529 ], [ 95.9381291, 27.8982229 ], [ 95.9722713, 27.9623429 ], [ 95.8238839, 27.9722075 ], [ 95.6045856, 27.9549445 ], [ 95.5139774, 27.8797268 ], [ 95.3800347, 27.8390352 ], [ 95.3091239, 27.867396 ], [ 94.8521431, 27.7280583 ], [ 94.7536558, 27.6602391 ], [ 94.6879977, 27.6651714 ], [ 94.4621336, 27.5554275 ], [ 94.4319308, 27.6010514 ], [ 94.3636463, 27.5739237 ], [ 94.224451, 27.5739237 ], [ 94.2677854, 27.5209014 ], [ 94.1561666, 27.4752775 ], [ 94.0603056, 27.3618344 ], [ 93.990708, 27.3285413 ], [ 93.805552, 27.1485121 ], [ 93.8357547, 27.0745275 ], [ 93.6597908, 26.9672498 ], [ 93.4890796, 26.9364228 ], [ 93.3223079, 26.9598513 ], [ 93.0215935, 26.9129944 ], [ 92.8863377, 26.9993098 ], [ 92.6722921, 27.0313698 ], [ 92.582997, 26.9598513 ], [ 92.4477412, 26.9586182 ], [ 92.1943007, 26.8895659 ], [ 92.1115714, 26.8920321 ], [ 92.0564185, 26.8464082 ], [ 91.9841945, 26.8575059 ], [ 91.8935863, 26.9191598 ], [ 91.7202487, 26.8118821 ], [ 91.625701, 26.8205136 ], [ 91.4956978, 26.7909197 ], [ 91.4077159, 26.8402428 ], [ 91.336805, 26.7810551 ], [ 91.2370046, 26.8118821 ], [ 91.0978093, 26.8217467 ], [ 90.9914431, 26.7909197 ], [ 90.6933551, 26.7711905 ], [ 90.5462808, 26.8168144 ], [ 90.4175908, 26.9043628 ], [ 90.3007192, 26.8488744 ], [ 90.2311216, 26.858739 ], [ 90.194353, 26.7736567 ], [ 90.0485919, 26.730499 ], [ 89.8975781, 26.7243336 ], [ 89.8516174, 26.6972059 ], [ 89.8700017, 26.6145897 ], [ 89.8306068, 26.3852374 ], [ 89.7045431, 26.2557643 ], [ 89.7189879, 26.1657497 ], [ 89.7846461, 26.1053289 ], [ 89.8201015, 25.9869535 ], [ 89.8870728, 25.9450289 ], [ 89.816162, 25.8143227 ], [ 89.8818202, 25.6170304 ], [ 89.8542437, 25.4678281 ], [ 89.8988913, 25.5603089 ], [ 90.0197023, 25.6071658 ], [ 89.8988913, 25.7267743 ], [ 89.9487915, 25.8155558 ], [ 90.1168764, 25.9573597 ], [ 90.186474, 25.9437958 ], [ 90.3243562, 25.9733897 ], [ 90.3992065, 26.0128481 ], [ 90.4766831, 26.0091489 ], [ 90.5344623, 25.9499612 ], [ 90.6316364, 25.9203674 ], [ 90.6881024, 25.9487281 ], [ 90.781337, 25.9117358 ], [ 90.8089134, 25.9524274 ], [ 90.9573009, 25.9351643 ], [ 91.030838, 25.8858412 ], [ 91.0019484, 25.8254204 ], [ 91.2041756, 25.8426835 ], [ 91.1779123, 25.7773304 ], [ 91.2225598, 25.723075 ], [ 91.3354919, 25.8402174 ], [ 91.4444844, 25.8402174 ], [ 91.5705481, 26.026412 ], [ 91.6191351, 26.026412 ], [ 91.609943, 25.9376304 ], [ 91.6703485, 25.9043374 ], [ 91.7202487, 25.9536604 ], [ 91.730754, 26.0597051 ], [ 91.8253018, 26.1201258 ], [ 91.8791415, 26.0979305 ], [ 91.867323, 26.042442 ], [ 91.931668, 26.0128481 ], [ 91.9894472, 26.0387428 ], [ 92.132582, 26.0449081 ], [ 92.1693505, 26.0782012 ], [ 92.269151, 26.0683366 ], [ 92.2638983, 26.0325774 ], [ 92.1640979, 25.9709235 ], [ 92.1549058, 25.9117358 ], [ 92.2258166, 25.9092697 ], [ 92.1509663, 25.8167889 ], [ 92.1562189, 25.6725189 ], [ 92.4135989, 25.7415712 ], [ 92.5055203, 25.6170304 ], [ 92.5541074, 25.6145643 ], [ 92.5843101, 25.5504443 ], [ 92.6525946, 25.5911358 ], [ 92.6420893, 25.5344143 ], [ 92.5738048, 25.4900235 ], [ 92.6066339, 25.4135727 ], [ 92.6512815, 25.4197381 ], [ 92.7812846, 25.3334227 ], [ 92.7720925, 25.2298442 ], [ 92.6578473, 25.1718896 ], [ 92.6210787, 25.1151681 ], [ 92.5252178, 25.1348973 ], [ 92.4254174, 25.0300857 ], [ 92.4188516, 24.9659657 ], [ 92.4871361, 24.9474696 ], [ 92.4923887, 24.874718 ], [ 92.3860225, 24.8525227 ], [ 92.3006669, 24.9154096 ], [ 92.2336955, 24.9006127 ], [ 92.2954142, 24.7366134 ], [ 92.2547062, 24.6786588 ], [ 92.2113718, 24.5047949 ], [ 92.2599588, 24.3580588 ], [ 92.2192508, 24.2347511 ], [ 92.2927879, 24.2507811 ], [ 92.4227911, 24.2544803 ], [ 92.4634991, 24.1361049 ], [ 92.5239046, 24.1718641 ], [ 92.5514811, 24.2470818 ], [ 92.6118866, 24.2532472 ], [ 92.6250182, 24.3346303 ], [ 92.6893632, 24.3543595 ], [ 92.7629003, 24.5208249 ], [ 92.7996689, 24.4197126 ], [ 92.9309852, 24.393818 ], [ 93.0084619, 24.4123142 ], [ 93.1016965, 24.6811249 ], [ 93.1095754, 24.8118311 ], [ 93.1489703, 24.7871696 ], [ 93.2487707, 24.9154096 ], [ 93.2513971, 25.0276196 ], [ 93.3328132, 25.0929727 ], [ 93.3814002, 25.2397088 ], [ 93.4536242, 25.3247912 ], [ 93.4575637, 25.4308358 ], [ 93.3840266, 25.4690612 ], [ 93.3498843, 25.5319481 ], [ 93.4273609, 25.6330604 ], [ 93.4969586, 25.6552558 ], [ 93.5665563, 25.755135 ], [ 93.7018121, 25.851315 ], [ 93.6808015, 25.9043374 ], [ 93.7753492, 25.9610589 ], [ 93.7950467, 25.8093904 ], [ 93.9788895, 25.9166681 ], [ 93.9539394, 25.9696904 ], [ 93.9946475, 26.1484866 ], [ 94.1154585, 26.3297489 ], [ 94.1745508, 26.3408466 ], [ 94.1719245, 26.4296282 ], [ 94.2848566, 26.5615674 ], [ 94.3163725, 26.4579889 ], [ 94.3951623, 26.5270413 ], [ 94.4030412, 26.6108905 ], [ 94.5396102, 26.7058374 ], [ 94.6919372, 26.7317321 ], [ 94.8022429, 26.8020174 ], [ 94.8731537, 26.9179267 ], [ 94.9217407, 26.9462875 ], [ 94.9821462, 26.9129944 ], [ 95.0950783, 26.9573851 ], [ 95.1948787, 27.0313698 ] ] ] } },
{ "type": "Feature", "properties": { "id": "3", "STNAME": "CHANDIGARH", "STCODE11": "04", "STNAME_SH": "Chandigarh", "Shape_Le_1": 65711.231758599999, "Shape_Area": 156198147.40099999, "OBJECTID_1": 3, "OBJECTID": 3, "State_LGD": 4, "Shape_Leng": 65711.231758599999, "MaxSimpTol": 300, "MinSimpTol": 300 }, "geometry": { "type": "Polygon", "coordinates": [ [ [ 76.8381696, 30.7552624 ], [ 76.7711982, 30.795954 ], [ 76.7121059, 30.7614278 ], [ 76.7764509, 30.6701801 ], [ 76.8289774, 30.6812778 ], [ 76.8381696, 30.7552624 ] ] ] } },
{ "type": "Feature", "properties": { "id": "4", "STNAME": "CHHATTISGARH", "STCODE11": "22", "STNAME_SH": "Chhattisgarh", "Shape_Le_1": 3449517.9067467698, "Shape_Area": 156539760078.608, "OBJECTID_1": 4, "OBJECTID": 4, "State_LGD": 22, "Shape_Leng": 3449517.9067500001, "MaxSimpTol": 300, "MinSimpTol": 300 }, "geometry": { "type": "Polygon", "coordinates": [ [ [ 83.3291355, 24.1015787 ], [ 83.2240825, 23.9869026 ], [ 83.2083245, 23.9215495 ], [ 83.1413532, 23.8845572 ], [ 82.9483182, 23.8709933 ], [ 82.810436, 23.9634741 ], [ 82.6988172, 23.9252487 ], [ 82.6357853, 23.8377003 ], [ 82.4795189, 23.8056402 ], [ 82.3350709, 23.801941 ], [ 82.2063809, 23.8278356 ], [ 82.0934489, 23.8167379 ], [ 82.0080933, 23.8623618 ], [ 81.8229373, 23.8081064 ], [ 81.7073789, 23.8611287 ], [ 81.667984, 23.9252487 ], [ 81.6088917, 23.9030533 ], [ 81.683742, 23.6909641 ], [ 81.6207101, 23.6515056 ], [ 81.6102048, 23.5553256 ], [ 81.6443471, 23.4825741 ], [ 81.7467738, 23.5701225 ], [ 81.8203109, 23.5158671 ], [ 81.9240508, 23.5331302 ], [ 81.9857695, 23.4147548 ], [ 82.1945625, 23.3235071 ], [ 82.1446623, 23.2273271 ], [ 82.1617334, 23.1434779 ], [ 82.126278, 23.1040194 ], [ 81.9293035, 23.0620948 ], [ 81.9503141, 22.9831779 ], [ 81.868898, 22.8943963 ], [ 81.7756634, 22.8746671 ], [ 81.7940477, 22.7661563 ], [ 81.7283895, 22.6761417 ], [ 81.6469734, 22.6132548 ], [ 81.660105, 22.5700971 ], [ 81.5222229, 22.5392701 ], [ 81.3961592, 22.440624 ], [ 81.3817144, 22.5096763 ], [ 81.3265616, 22.5257063 ], [ 81.2320138, 22.4517217 ], [ 81.1729215, 22.4874809 ], [ 81.1112028, 22.4381578 ], [ 81.1190818, 22.2914217 ], [ 81.0192814, 22.2211363 ], [ 81.0219077, 22.1323547 ], [ 80.9838259, 22.0485055 ], [ 80.9470574, 22.1187909 ], [ 80.9076625, 22.1101593 ], [ 80.831499, 21.8906716 ], [ 80.8525096, 21.8721755 ], [ 80.8196805, 21.7476347 ], [ 80.7553355, 21.7624316 ], [ 80.7159406, 21.6748831 ], [ 80.7343249, 21.4603277 ], [ 80.6594746, 21.3345539 ], [ 80.6437167, 21.2519377 ], [ 80.4638133, 21.1754869 ], [ 80.4244184, 21.0102546 ], [ 80.4638133, 20.9288715 ], [ 80.5465426, 20.9350369 ], [ 80.5491689, 20.7956992 ], [ 80.5806848, 20.6723915 ], [ 80.4808844, 20.6181361 ], [ 80.5202793, 20.5811438 ], [ 80.6318982, 20.5984069 ], [ 80.5911901, 20.392483 ], [ 80.6266455, 20.3357615 ], [ 80.3955288, 20.2445138 ], [ 80.4336105, 20.1347699 ], [ 80.5517952, 20.1175068 ], [ 80.5386636, 19.9522745 ], [ 80.4519948, 19.9572068 ], [ 80.4073473, 19.9128161 ], [ 80.4913897, 19.9017184 ], [ 80.4808844, 19.8277337 ], [ 80.6765457, 19.6994937 ], [ 80.6699799, 19.6094791 ], [ 80.775033, 19.5626222 ], [ 80.8354385, 19.5663214 ], [ 80.895844, 19.5194645 ], [ 80.8748334, 19.4454799 ], [ 80.8131147, 19.4331491 ], [ 80.8459438, 19.3554652 ], [ 80.7566487, 19.2888791 ], [ 80.6896774, 19.2864129 ], [ 80.6804852, 19.3295706 ], [ 80.6122007, 19.3098414 ], [ 80.5806848, 19.3973899 ], [ 80.4821976, 19.3382022 ], [ 80.4546212, 19.2753152 ], [ 80.3942156, 19.2444883 ], [ 80.3876498, 19.1803683 ], [ 80.3272443, 19.1347444 ], [ 80.2707783, 18.9386852 ], [ 80.3508813, 18.8153775 ], [ 80.244515, 18.7561898 ], [ 80.2734046, 18.7228967 ], [ 80.3456286, 18.5958898 ], [ 80.4546212, 18.6304159 ], [ 80.5150267, 18.6193182 ], [ 80.5990691, 18.5527321 ], [ 80.7343249, 18.4133944 ], [ 80.7487697, 18.3085828 ], [ 80.7934173, 18.2592598 ], [ 80.7369513, 18.2222674 ], [ 80.7986699, 18.1717113 ], [ 80.82362, 18.2395305 ], [ 80.8656413, 18.2333651 ], [ 80.8669544, 18.1396513 ], [ 80.9785733, 18.1791097 ], [ 80.9496837, 18.086629 ], [ 80.9982707, 17.9164643 ], [ 81.008776, 17.7980889 ], [ 81.0849395, 17.7980889 ], [ 81.1663556, 17.8572766 ], [ 81.2648429, 17.8116528 ], [ 81.3961592, 17.8202843 ], [ 81.482828, 17.9768851 ], [ 81.4802017, 18.0508697 ], [ 81.5261624, 18.1532151 ], [ 81.5261624, 18.2580267 ], [ 81.6587919, 18.3468082 ], [ 81.7507133, 18.3542067 ], [ 81.7690976, 18.4183267 ], [ 81.9608194, 18.5971229 ], [ 81.8951612, 18.6291829 ], [ 82.0881962, 18.759889 ], [ 82.1577939, 18.7857836 ], [ 82.1761782, 18.902926 ], [ 82.2457758, 18.918956 ], [ 82.2090073, 19.1211806 ], [ 82.1591071, 19.2654506 ], [ 82.1788045, 19.4368483 ], [ 82.126278, 19.4294499 ], [ 82.1000147, 19.5169983 ], [ 82.0291039, 19.5083668 ], [ 82.0593067, 19.6279753 ], [ 82.0606198, 19.7969068 ], [ 81.9857695, 19.800606 ], [ 81.9686984, 19.8597937 ], [ 81.85314, 19.9189814 ], [ 81.8754638, 20.0521538 ], [ 81.9463746, 20.1051761 ], [ 82.0330434, 20.0151614 ], [ 82.0632461, 20.0546199 ], [ 82.1840572, 19.9843345 ], [ 82.2694128, 19.975703 ], [ 82.3455762, 19.8363653 ], [ 82.4453766, 19.9103499 ], [ 82.6029562, 19.8671922 ], [ 82.5819456, 19.783343 ], [ 82.7080093, 19.8351322 ], [ 82.7158883, 19.9941991 ], [ 82.5963904, 19.9904999 ], [ 82.3994159, 20.0570861 ], [ 82.3862843, 20.1446345 ], [ 82.4374977, 20.2938369 ], [ 82.4007291, 20.3406938 ], [ 82.4374977, 20.4344076 ], [ 82.3337578, 20.568813 ], [ 82.3770922, 20.632933 ], [ 82.3495157, 20.7069177 ], [ 82.3390104, 20.8474884 ], [ 82.4059818, 20.8684508 ], [ 82.4821452, 20.8499546 ], [ 82.488711, 20.9091423 ], [ 82.5596219, 20.9461346 ], [ 82.6292195, 21.0386154 ], [ 82.641038, 21.1545246 ], [ 82.7565963, 21.1668554 ], [ 82.7933649, 21.1434269 ], [ 82.9443787, 21.1779531 ], [ 83.0783213, 21.1113669 ], [ 83.1978192, 21.14466 ], [ 83.2739827, 21.3777116 ], [ 83.3921674, 21.3431854 ], [ 83.3987332, 21.4048393 ], [ 83.3501461, 21.51335 ], [ 83.4184306, 21.6798154 ], [ 83.4827756, 21.7303716 ], [ 83.4932809, 21.8179201 ], [ 83.5760102, 21.8314839 ], [ 83.606213, 21.9141001 ], [ 83.5379285, 21.9695885 ], [ 83.5431811, 22.057137 ], [ 83.6272236, 22.2038732 ], [ 83.7572267, 22.2396324 ], [ 83.863593, 22.3432109 ], [ 83.9962225, 22.3715717 ], [ 84.0474358, 22.4689847 ], [ 84.0093541, 22.5257063 ], [ 84.0237989, 22.5922924 ], [ 84.0842044, 22.6379163 ], [ 84.1524889, 22.6366832 ], [ 84.2378445, 22.6921717 ], [ 84.2312787, 22.7414948 ], [ 84.2890579, 22.7661563 ], [ 84.3337054, 22.8611032 ], [ 84.3717871, 22.8648025 ], [ 84.3744135, 22.9794786 ], [ 84.2194602, 22.9794786 ], [ 84.1813785, 23.0263356 ], [ 84.1498626, 22.9659148 ], [ 84.1327914, 23.0830571 ], [ 84.0316779, 23.160741 ], [ 84.0631938, 23.2063648 ], [ 84.0750122, 23.3333717 ], [ 83.9620802, 23.385161 ], [ 83.9712724, 23.4665441 ], [ 84.0146067, 23.5035364 ], [ 84.0172331, 23.6342425 ], [ 83.9318775, 23.6206787 ], [ 83.9371301, 23.5688895 ], [ 83.7729847, 23.6108141 ], [ 83.7230845, 23.6860318 ], [ 83.7467214, 23.7193249 ], [ 83.7047002, 23.8204372 ], [ 83.5891418, 23.8635949 ], [ 83.52611, 23.961008 ], [ 83.5156047, 24.0275941 ], [ 83.4315623, 24.0855487 ], [ 83.3291355, 24.1015787 ] ] ] } },
{ "type": "Feature", "properties": { "id": "5", "STNAME": "DELHI", "STCODE11": "07", "STNAME_SH": "Delhi", "Shape_Le_1": 260992.22470970999, "Shape_Area": 1932518619.141, "OBJECTID_1": 5, "OBJECTID": 5, "State_LGD": 7, "Shape_Leng": 260992.22471000001, "MaxSimpTol": 300, "MinSimpTol": 300 }, "geometry": { "type": "Polygon", "coordinates": [ [ [ 77.2097948, 28.8575569 ], [ 77.0614073, 28.8711207 ], [ 76.9419094, 28.7983692 ], [ 76.9681727, 28.699723 ], [ 76.8880698, 28.6319038 ], [ 76.8460485, 28.5492876 ], [ 76.9484753, 28.5036637 ], [ 77.0719126, 28.5196937 ], [ 77.1743393, 28.4050176 ], [ 77.2491897, 28.4235137 ], [ 77.243937, 28.4790022 ], [ 77.3450506, 28.5135284 ], [ 77.2990899, 28.5801145 ], [ 77.3306058, 28.7132868 ], [ 77.2912109, 28.7058884 ], [ 77.1992894, 28.7983692 ], [ 77.2097948, 28.8575569 ] ] ] } },
{ "type": "Feature", "properties": { "id": "6", "STNAME": "GOA", "STCODE11": "30", "STNAME_SH": "Goa", "Shape_Le_1": 433305.02679897001, "Shape_Area": 3921761525.3720002, "OBJECTID_1": 6, "OBJECTID": 6, "State_LGD": 30, "Shape_Leng": 433305.02679899998, "MaxSimpTol": 300, "MinSimpTol": 300 }, "geometry": { "type": "Polygon", "coordinates": [ [ [ 74.1186085, 15.6525349 ], [ 73.9912316, 15.6118434 ], [ 73.9387051, 15.7425495 ], [ 73.8756732, 15.7511811 ], [ 73.6747593, 15.7265195 ], [ 73.6905172, 15.7228203 ], [ 73.7666807, 15.494701 ], [ 73.9400182, 15.4083857 ], [ 73.8060756, 15.3997541 ], [ 73.8704206, 15.3713933 ], [ 73.9492104, 15.1445072 ], [ 73.9124418, 15.0853195 ], [ 74.034566, 14.997771 ], [ 74.0437581, 14.917621 ], [ 74.0857794, 14.9003579 ], [ 74.2013377, 14.9250195 ], [ 74.2971987, 15.0409287 ], [ 74.2722486, 15.0976502 ], [ 74.3168961, 15.1839656 ], [ 74.2591169, 15.2406872 ], [ 74.3260882, 15.2838449 ], [ 74.3234619, 15.3676941 ], [ 74.2827539, 15.382491 ], [ 74.2512379, 15.4922349 ], [ 74.2367931, 15.6685649 ], [ 74.1186085, 15.6525349 ] ] ] } },
{ "type": "Feature", "properties": { "id": "7", "STNAME": "HARYANA", "STCODE11": "06", "STNAME_SH": "Haryana", "Shape_Le_1": 2786069.9652156299, "Shape_Area": 58211653271.361, "OBJECTID_1": 7, "OBJECTID": 7, "State_LGD": 6, "Shape_Leng": 2786069.9652200001, "MaxSimpTol": 300, "MinSimpTol": 300 }, "geometry": { "type": "Polygon", "coordinates": [ [ [ 77.5853594, 30.3791739 ], [ 77.5183881, 30.4432939 ], [ 77.5026302, 30.4050685 ], [ 77.2688871, 30.4815193 ], [ 77.2111079, 30.4642562 ], [ 77.19535, 30.5222109 ], [ 77.123126, 30.5629024 ], [ 77.1730262, 30.6011278 ], [ 77.1612077, 30.6911424 ], [ 77.0955495, 30.7392324 ], [ 77.0298914, 30.7343001 ], [ 77.0128203, 30.8095178 ], [ 76.9169593, 30.9007655 ], [ 76.8696855, 30.8736378 ], [ 76.8224116, 30.9278932 ], [ 76.7764509, 30.9044647 ], [ 76.8460485, 30.8341793 ], [ 76.8381696, 30.7552624 ], [ 76.8289774, 30.6812778 ], [ 76.9261515, 30.6097593 ], [ 76.9314041, 30.5012485 ], [ 76.8867566, 30.4297301 ], [ 76.7147322, 30.4026024 ], [ 76.7488745, 30.3606778 ], [ 76.6228108, 30.2644978 ], [ 76.6425082, 30.1498216 ], [ 76.5558395, 30.0820024 ], [ 76.4626049, 30.1004985 ], [ 76.42321, 30.1917462 ], [ 76.399573, 30.1165285 ], [ 76.3220964, 30.0955662 ], [ 76.2078512, 30.155987 ], [ 76.2538119, 30.0894008 ], [ 76.1723958, 29.9266346 ], [ 76.2433066, 29.85265 ], [ 76.1054245, 29.8119585 ], [ 75.9846134, 29.7268762 ], [ 75.8703682, 29.7490716 ], [ 75.7784468, 29.8218231 ], [ 75.7049097, 29.7638685 ], [ 75.5801592, 29.7392069 ], [ 75.4593481, 29.8070262 ], [ 75.2899501, 29.6085008 ], [ 75.3096475, 29.5604108 ], [ 75.2347972, 29.5419146 ], [ 75.2347972, 29.6035685 ], [ 75.1678259, 29.6701546 ], [ 75.2374235, 29.74044 ], [ 75.2111603, 29.8329208 ], [ 75.1507548, 29.7761992 ], [ 75.0706518, 29.8773116 ], [ 74.9905489, 29.8674469 ], [ 74.9262039, 29.9500631 ], [ 74.8053928, 29.9919877 ], [ 74.693774, 29.9673262 ], [ 74.6543791, 29.9056723 ], [ 74.5270022, 29.9426646 ], [ 74.5611445, 29.8699131 ], [ 74.484981, 29.8144246 ], [ 74.4810415, 29.7429062 ], [ 74.6162973, 29.7527708 ], [ 74.5742761, 29.56411 ], [ 74.6228631, 29.5308169 ], [ 74.5847814, 29.4580654 ], [ 74.5427602, 29.46793 ], [ 74.6071052, 29.35572 ], [ 74.7870085, 29.3618854 ], [ 74.8500404, 29.40381 ], [ 74.9380223, 29.3618854 ], [ 74.9616593, 29.2805023 ], [ 75.0496412, 29.2866677 ], [ 75.1192389, 29.2225477 ], [ 75.1875233, 29.2681715 ], [ 75.2098471, 29.2348784 ], [ 75.3411634, 29.2817354 ], [ 75.39369, 29.260773 ], [ 75.3910636, 29.0622476 ], [ 75.5276326, 28.9709999 ], [ 75.4737929, 28.9229099 ], [ 75.5197536, 28.8341284 ], [ 75.5039957, 28.7823392 ], [ 75.5617749, 28.6134076 ], [ 75.6221804, 28.6023099 ], [ 75.6339988, 28.5443553 ], [ 75.8191549, 28.4099499 ], [ 75.9176421, 28.3717245 ], [ 76.0712822, 28.1645676 ], [ 75.9452185, 28.1066129 ], [ 76.0003714, 27.9771399 ], [ 75.9386527, 27.9142529 ], [ 75.9872398, 27.9043883 ], [ 76.0043109, 27.8341029 ], [ 76.1238087, 27.851366 ], [ 76.1829011, 27.7983437 ], [ 76.2249223, 27.8328698 ], [ 76.1684563, 27.9031552 ], [ 76.1776484, 28.0461922 ], [ 76.2603777, 28.0671545 ], [ 76.3194701, 28.0153652 ], [ 76.3562386, 28.0708537 ], [ 76.3010858, 28.0979814 ], [ 76.3562386, 28.1436053 ], [ 76.4757365, 28.1485376 ], [ 76.4481601, 28.0893499 ], [ 76.544021, 28.0338614 ], [ 76.5374552, 27.9672752 ], [ 76.6687715, 28.0141322 ], [ 76.656953, 28.0893499 ], [ 76.7948352, 28.1485376 ], [ 76.8079668, 28.2114245 ], [ 76.8749381, 28.2175899 ], [ 76.970799, 28.1386729 ], [ 76.9392831, 28.0424929 ], [ 76.9419094, 27.8427345 ], [ 76.8946356, 27.7181937 ], [ 76.978678, 27.6540737 ], [ 76.9996886, 27.7366898 ], [ 77.0850442, 27.7379229 ], [ 77.0272651, 27.7786145 ], [ 77.0443362, 27.8217721 ], [ 77.1572682, 27.7860129 ], [ 77.2019158, 27.8242383 ], [ 77.2833319, 27.8008098 ], [ 77.4750537, 27.9290499 ], [ 77.5288934, 27.9253506 ], [ 77.5420251, 27.9894706 ], [ 77.4737406, 28.0881168 ], [ 77.5367724, 28.1658006 ], [ 77.4921249, 28.252116 ], [ 77.5052565, 28.3704914 ], [ 77.4776801, 28.4185814 ], [ 77.3450506, 28.5135284 ], [ 77.243937, 28.4790022 ], [ 77.2491897, 28.4235137 ], [ 77.1743393, 28.4050176 ], [ 77.0719126, 28.5196937 ], [ 76.9484753, 28.5036637 ], [ 76.8460485, 28.5492876 ], [ 76.8880698, 28.6319038 ], [ 76.9681727, 28.699723 ], [ 76.9419094, 28.7983692 ], [ 77.0614073, 28.8711207 ], [ 77.2097948, 28.8575569 ], [ 77.2334317, 28.9192107 ], [ 77.1336313, 29.0955407 ], [ 77.131005, 29.2176154 ], [ 77.1612077, 29.3322915 ], [ 77.123126, 29.3705169 ], [ 77.1480761, 29.4346369 ], [ 77.0968627, 29.5197192 ], [ 77.1559551, 29.69235 ], [ 77.1257523, 29.7700339 ], [ 77.179592, 29.8131916 ], [ 77.2767661, 30.0400777 ], [ 77.4054561, 30.0894008 ], [ 77.5840463, 30.3076554 ], [ 77.5853594, 30.3791739 ] ] ] } },
{ "type": "Feature", "properties": { "id": "8", "STNAME": "HIMACHAL PRADESH", "STCODE11": "02", "STNAME_SH": "Himachal Pradesh", "Shape_Le_1": 1904854.6260791901, "Shape_Area": 77561573772.466995, "OBJECTID_1": 8, "OBJECTID": 8, "State_LGD": 2, "Shape_Leng": 1904854.6260800001, "MaxSimpTol": 300, "MinSimpTol": 300 }, "geometry": { "type": "Polygon", "coordinates": [ [ [ 78.3982075, 32.525961 ], [ 78.3259835, 32.4717056 ], [ 78.3128519, 32.574051 ], [ 78.4047733, 32.6196749 ], [ 78.3877022, 32.7565464 ], [ 78.2196173, 32.6652987 ], [ 78.1421407, 32.6813287 ], [ 78.0988063, 32.6307726 ], [ 78.016077, 32.6196749 ], [ 77.9189029, 32.6911934 ], [ 77.9254687, 32.7725764 ], [ 77.7810208, 32.8650572 ], [ 77.8112235, 32.9069818 ], [ 77.7311206, 32.9748011 ], [ 77.6024306, 32.9427411 ], [ 77.4684879, 32.8588918 ], [ 77.4133351, 32.8835534 ], [ 77.3384848, 32.8169672 ], [ 77.3227268, 32.8514934 ], [ 77.1703999, 32.9106811 ], [ 77.1493892, 32.9785003 ], [ 77.0101939, 32.989598 ], [ 76.9327173, 33.0278234 ], [ 76.8854434, 33.1215372 ], [ 76.8171589, 33.1597626 ], [ 76.8447354, 33.2423788 ], [ 76.7711982, 33.2497772 ], [ 76.7475613, 33.1794919 ], [ 76.6464477, 33.1622288 ], [ 76.5676579, 33.2103188 ], [ 76.4100783, 33.1868903 ], [ 76.2918936, 33.1030411 ], [ 76.2472461, 33.021658 ], [ 76.1119903, 33.0068611 ], [ 76.0988586, 32.9661695 ], [ 75.9544107, 32.8736888 ], [ 75.8427918, 32.9291772 ], [ 75.8007706, 32.8860195 ], [ 75.9242079, 32.7479149 ], [ 75.8900657, 32.652968 ], [ 75.9163289, 32.6135095 ], [ 75.8349128, 32.5111641 ], [ 75.9360264, 32.397721 ], [ 75.8729946, 32.3952549 ], [ 75.7705678, 32.2892102 ], [ 75.6182409, 32.2361879 ], [ 75.6733937, 32.1585041 ], [ 75.6011698, 32.093151 ], [ 75.9097631, 31.9501141 ], [ 75.9714818, 31.8280394 ], [ 75.9596633, 31.7811825 ], [ 76.0174425, 31.6319802 ], [ 76.0988586, 31.5370333 ], [ 76.1684563, 31.3964625 ], [ 76.1802748, 31.3064478 ], [ 76.3220964, 31.3212448 ], [ 76.3746229, 31.437154 ], [ 76.4324021, 31.3274102 ], [ 76.5046261, 31.2669894 ], [ 76.5834159, 31.276854 ], [ 76.6280634, 31.2262978 ], [ 76.6018002, 31.1239524 ], [ 76.6359424, 31.116554 ], [ 76.6241239, 30.9994117 ], [ 76.7094796, 30.9698178 ], [ 76.7764509, 30.9044647 ], [ 76.8224116, 30.9278932 ], [ 76.8696855, 30.8736378 ], [ 76.9169593, 30.9007655 ], [ 77.0128203, 30.8095178 ], [ 77.0298914, 30.7343001 ], [ 77.0955495, 30.7392324 ], [ 77.1612077, 30.6911424 ], [ 77.1730262, 30.6011278 ], [ 77.123126, 30.5629024 ], [ 77.19535, 30.5222109 ], [ 77.2111079, 30.4642562 ], [ 77.2688871, 30.4815193 ], [ 77.5026302, 30.4050685 ], [ 77.5183881, 30.4432939 ], [ 77.5853594, 30.3791739 ], [ 77.5761673, 30.3976701 ], [ 77.573541, 30.412467 ], [ 77.8191025, 30.508647 ], [ 77.8177893, 30.5604362 ], [ 77.7455654, 30.6035939 ], [ 77.7928392, 30.6603155 ], [ 77.7087968, 30.7404655 ], [ 77.758697, 30.877337 ], [ 77.8059709, 30.8539086 ], [ 77.8164762, 31.0573663 ], [ 77.9083976, 31.1535463 ], [ 78.0305218, 31.1510801 ], [ 78.1605249, 31.2250648 ], [ 78.2471937, 31.2299971 ], [ 78.3115387, 31.2830194 ], [ 78.3955812, 31.2756209 ], [ 78.4835631, 31.1991701 ], [ 78.5781109, 31.2250648 ], [ 78.659527, 31.1905386 ], [ 78.8092276, 31.1979371 ], [ 78.8853911, 31.0992909 ], [ 79.0088284, 31.1103886 ], [ 78.9865046, 31.1732755 ], [ 78.8814516, 31.2867186 ], [ 78.7777117, 31.3126132 ], [ 78.7501353, 31.3656355 ], [ 78.7974091, 31.4433194 ], [ 78.7264983, 31.4827779 ], [ 78.7343773, 31.5358002 ], [ 78.8473093, 31.6085517 ], [ 78.76458, 31.6739048 ], [ 78.7054877, 31.7762502 ], [ 78.7816512, 31.9932718 ], [ 78.6122531, 32.1178125 ], [ 78.6083136, 32.2139925 ], [ 78.5544739, 32.2460525 ], [ 78.4546735, 32.2423533 ], [ 78.4796236, 32.3483979 ], [ 78.5347765, 32.413751 ], [ 78.4546735, 32.4519764 ], [ 78.3982075, 32.525961 ] ] ] } },
{ "type": "Feature", "properties": { "id": "9", "STNAME": "JHARKHAND", "STCODE11": "20", "STNAME_SH": "Jharkhand", "Shape_Le_1": 3154498.7780586001, "Shape_Area": 95648781165.518997, "OBJECTID_1": 9, "OBJECTID": 9, "State_LGD": 20, "Shape_Leng": 3154498.7780599999, "MaxSimpTol": 300, "MinSimpTol": 300 }, "geometry": { "type": "Polygon", "coordinates": [ [ [ 87.7111613, 25.258205 ], [ 87.6914639, 25.3112273 ], [ 87.5522685, 25.3321896 ], [ 87.4879235, 25.2976635 ], [ 87.4774182, 25.194085 ], [ 87.3277176, 25.2236788 ], [ 87.2962017, 25.0880404 ], [ 87.250241, 25.1053034 ], [ 87.1451879, 25.0189881 ], [ 87.1570064, 24.8808834 ], [ 87.0742771, 24.8081319 ], [ 87.0808429, 24.7292149 ], [ 87.0506402, 24.6083734 ], [ 86.9403345, 24.6527642 ], [ 86.8812421, 24.5738472 ], [ 86.8050787, 24.5997419 ], [ 86.6698228, 24.5664488 ], [ 86.6028515, 24.6083734 ], [ 86.5280012, 24.5442534 ], [ 86.4452719, 24.3679234 ], [ 86.349411, 24.4468403 ], [ 86.2758739, 24.4665695 ], [ 86.3231477, 24.5874111 ], [ 86.1668813, 24.5837119 ], [ 86.1156679, 24.6441326 ], [ 86.1287996, 24.698388 ], [ 86.0552624, 24.7797711 ], [ 85.9699068, 24.7329142 ], [ 85.8543485, 24.8081319 ], [ 85.7361638, 24.8204626 ], [ 85.7072742, 24.7242826 ], [ 85.649495, 24.6848242 ], [ 85.6770714, 24.5911103 ], [ 85.5798973, 24.6009749 ], [ 85.5418156, 24.5319226 ], [ 85.2883751, 24.5232911 ], [ 85.1741299, 24.4209457 ], [ 85.0887743, 24.3728557 ], [ 85.0795821, 24.4332765 ], [ 84.9745291, 24.3740888 ], [ 84.9088709, 24.3839534 ], [ 84.8878603, 24.4628703 ], [ 84.8405864, 24.4517726 ], [ 84.8025047, 24.5306895 ], [ 84.6869463, 24.4567049 ], [ 84.6646225, 24.3913518 ], [ 84.5832064, 24.4123142 ], [ 84.5017903, 24.2877734 ], [ 84.3875451, 24.3888857 ], [ 84.3415844, 24.393818 ], [ 84.2916842, 24.4665695 ], [ 84.3271396, 24.4875318 ], [ 84.2969368, 24.5602834 ], [ 84.1721863, 24.5454865 ], [ 84.1078413, 24.4776672 ], [ 84.0526885, 24.6108396 ], [ 83.9975356, 24.6379672 ], [ 83.9371301, 24.5491857 ], [ 83.719145, 24.5035619 ], [ 83.5037862, 24.5257572 ], [ 83.4013595, 24.5035619 ], [ 83.3856015, 24.4517726 ], [ 83.4578255, 24.3642241 ], [ 83.3803489, 24.313668 ], [ 83.4092385, 24.2668111 ], [ 83.3291355, 24.1015787 ], [ 83.4315623, 24.0855487 ], [ 83.5156047, 24.0275941 ], [ 83.52611, 23.961008 ], [ 83.5891418, 23.8635949 ], [ 83.7047002, 23.8204372 ], [ 83.7467214, 23.7193249 ], [ 83.7230845, 23.6860318 ], [ 83.7729847, 23.6108141 ], [ 83.9371301, 23.5688895 ], [ 83.9318775, 23.6206787 ], [ 84.0172331, 23.6342425 ], [ 84.0146067, 23.5035364 ], [ 83.9712724, 23.4665441 ], [ 83.9620802, 23.385161 ], [ 84.0750122, 23.3333717 ], [ 84.0631938, 23.2063648 ], [ 84.0316779, 23.160741 ], [ 84.1327914, 23.0830571 ], [ 84.1498626, 22.9659148 ], [ 84.1813785, 23.0263356 ], [ 84.2194602, 22.9794786 ], [ 84.3744135, 22.9794786 ], [ 84.3717871, 22.8648025 ], [ 84.3337054, 22.8611032 ], [ 84.2890579, 22.7661563 ], [ 84.2312787, 22.7414948 ], [ 84.2378445, 22.6921717 ], [ 84.1524889, 22.6366832 ], [ 84.0842044, 22.6379163 ], [ 84.0237989, 22.5922924 ], [ 84.0093541, 22.5257063 ], [ 84.1406704, 22.4739171 ], [ 84.1406704, 22.425827 ], [ 84.2916842, 22.3432109 ], [ 84.4295663, 22.3518424 ], [ 84.4807797, 22.4134963 ], [ 84.6291671, 22.4344586 ], [ 84.7499782, 22.4184286 ], [ 84.7591703, 22.4467894 ], [ 84.8865471, 22.4196617 ], [ 85.0572584, 22.4862478 ], [ 85.1163507, 22.2951209 ], [ 85.078269, 22.2568955 ], [ 85.0283688, 22.1224901 ], [ 85.0979664, 22.1064601 ], [ 85.2516065, 22.0275432 ], [ 85.2752435, 22.0817986 ], [ 85.3658517, 22.1594824 ], [ 85.4236309, 22.1582493 ], [ 85.6849504, 22.0546709 ], [ 85.8097009, 22.1150916 ], [ 85.7611139, 22.0102801 ], [ 85.8254589, 21.9745209 ], [ 85.8963697, 21.9831524 ], [ 86.0093017, 22.1163247 ], [ 86.0316255, 22.1903093 ], [ 85.9738463, 22.2470309 ], [ 86.0289992, 22.3345793 ], [ 86.0184939, 22.425827 ], [ 85.9567752, 22.4652855 ], [ 85.9738463, 22.5059771 ], [ 86.0683941, 22.5553001 ], [ 86.1182943, 22.4862478 ], [ 86.2837528, 22.4480224 ], [ 86.3599163, 22.3493763 ], [ 86.4439588, 22.3062186 ], [ 86.5043643, 22.3432109 ], [ 86.534567, 22.3012863 ], [ 86.6461859, 22.2679932 ], [ 86.7262889, 22.217437 ], [ 86.8024523, 22.217437 ], [ 86.8234629, 22.2667601 ], [ 86.8864948, 22.2581286 ], [ 86.8326551, 22.3247147 ], [ 86.8457867, 22.3999324 ], [ 86.7643706, 22.4270601 ], [ 86.751239, 22.4825486 ], [ 86.8024523, 22.5022778 ], [ 86.7656838, 22.5750294 ], [ 86.6580044, 22.5750294 ], [ 86.6409332, 22.6576455 ], [ 86.5476987, 22.7205325 ], [ 86.5109301, 22.7045025 ], [ 86.4190087, 22.7908179 ], [ 86.4505246, 22.8623363 ], [ 86.4360798, 22.9264563 ], [ 86.5253749, 22.9474186 ], [ 86.5476987, 22.9881102 ], [ 86.1852656, 23.0053733 ], [ 86.1458707, 23.0756586 ], [ 86.0486966, 23.1064856 ], [ 86.043444, 23.144711 ], [ 85.8819249, 23.1693725 ], [ 85.8202062, 23.2680187 ], [ 85.883238, 23.3506348 ], [ 85.8753591, 23.481341 ], [ 86.0539493, 23.4862733 ], [ 86.0421308, 23.5861525 ], [ 86.1590023, 23.5590248 ], [ 86.148497, 23.465311 ], [ 86.2890055, 23.4295518 ], [ 86.349411, 23.4406494 ], [ 86.3874927, 23.5738218 ], [ 86.4899195, 23.6379418 ], [ 86.7131572, 23.6983625 ], [ 86.799826, 23.6884979 ], [ 86.8037655, 23.801941 ], [ 86.9153844, 23.8833241 ], [ 87.1491274, 23.7970087 ], [ 87.2948885, 23.9018203 ], [ 87.2449883, 24.0448572 ], [ 87.4445892, 24.0016995 ], [ 87.5115605, 24.0362257 ], [ 87.4971157, 24.1176087 ], [ 87.5430764, 24.0855487 ], [ 87.6954033, 24.1496687 ], [ 87.6389373, 24.2150218 ], [ 87.7610615, 24.3087357 ], [ 87.8227802, 24.4702688 ], [ 87.8083354, 24.5479526 ], [ 87.909449, 24.586178 ], [ 87.9081358, 24.7218165 ], [ 87.8542961, 24.761275 ], [ 87.8963173, 24.857455 ], [ 87.9606623, 24.921575 ], [ 87.958036, 24.970898 ], [ 87.7952037, 25.0868073 ], [ 87.7794458, 25.1435288 ], [ 87.7781326, 25.2508065 ], [ 87.7111613, 25.258205 ] ] ] } },
{ "type": "Feature", "properties": { "id": "10", "STNAME": "KARNATAKA", "STCODE11": "29", "STNAME_SH": "Karnataka", "Shape_Le_1": 4583107.8385068905, "Shape_Area": 206392433738.646, "OBJECTID_1": 10, "OBJECTID": 10, "State_LGD": 29, "Shape_Leng": 4583107.8385100001, "MaxSimpTol": 300, "MinSimpTol": 300 }, "geometry": { "type": "Polygon", "coordinates": [ [ [ 77.5512172, 18.2913198 ], [ 77.4474773, 18.2703574 ], [ 77.4382852, 18.3098159 ], [ 77.356869, 18.3209136 ], [ 77.4146482, 18.3936651 ], [ 77.3660612, 18.4516198 ], [ 77.2413107, 18.4121613 ], [ 77.2137342, 18.2802221 ], [ 77.1743393, 18.2851544 ], [ 77.1113075, 18.1556813 ], [ 76.9524148, 18.1877413 ], [ 76.9208988, 18.1174559 ], [ 76.9668596, 18.0977267 ], [ 76.914333, 18.0348397 ], [ 76.9195857, 17.9152313 ], [ 76.8066536, 17.8708405 ], [ 76.7396823, 17.8992013 ], [ 76.7908957, 17.8264497 ], [ 76.664832, 17.687112 ], [ 76.6149318, 17.7697282 ], [ 76.5702842, 17.7056082 ], [ 76.5610921, 17.7647959 ], [ 76.487555, 17.7142397 ], [ 76.4901813, 17.6599843 ], [ 76.4192705, 17.6032628 ], [ 76.3312885, 17.5970974 ], [ 76.3628045, 17.5379097 ], [ 76.3339149, 17.4343312 ], [ 76.4087652, 17.3714443 ], [ 76.3838151, 17.3147227 ], [ 76.3457333, 17.3541812 ], [ 76.1697695, 17.3529481 ], [ 76.1185561, 17.3702112 ], [ 75.9307737, 17.3221212 ], [ 75.8217812, 17.4207674 ], [ 75.8139022, 17.3726774 ], [ 75.6838991, 17.4170681 ], [ 75.6326857, 17.4774889 ], [ 75.6129882, 17.3924066 ], [ 75.5749065, 17.3837751 ], [ 75.6037961, 17.3048581 ], [ 75.6536963, 17.2740312 ], [ 75.6287462, 17.1889489 ], [ 75.6720806, 17.1161973 ], [ 75.6655148, 16.9793258 ], [ 75.6064224, 17.0039873 ], [ 75.4895509, 16.9447996 ], [ 75.465914, 16.9879573 ], [ 75.2794448, 16.9571304 ], [ 75.265, 16.8621835 ], [ 75.1822707, 16.8436873 ], [ 75.0890361, 16.950965 ], [ 74.9642856, 16.9472658 ], [ 74.9603461, 16.8806796 ], [ 74.9012538, 16.8621835 ], [ 74.919638, 16.7721689 ], [ 74.8500404, 16.7721689 ], [ 74.6911476, 16.7154473 ], [ 74.6530659, 16.6389965 ], [ 74.6872081, 16.6069365 ], [ 74.5690234, 16.5539142 ], [ 74.5440733, 16.6352973 ], [ 74.4547782, 16.6476281 ], [ 74.4665967, 16.6069365 ], [ 74.3969991, 16.5835081 ], [ 74.3799279, 16.5280196 ], [ 74.3155829, 16.5551473 ], [ 74.2893197, 16.4626665 ], [ 74.3326541, 16.4552681 ], [ 74.3168961, 16.3812834 ], [ 74.3733621, 16.261675 ], [ 74.5033653, 16.2246826 ], [ 74.4836678, 16.0902773 ], [ 74.4272018, 16.1124726 ], [ 74.3615437, 16.054518 ], [ 74.4626572, 16.0495857 ], [ 74.3864938, 15.9053157 ], [ 74.4061912, 15.8646242 ], [ 74.3681095, 15.7857072 ], [ 74.2381063, 15.7437826 ], [ 74.227601, 15.7881734 ], [ 74.1225479, 15.7203541 ], [ 74.1186085, 15.6525349 ], [ 74.2367931, 15.6685649 ], [ 74.2512379, 15.4922349 ], [ 74.2827539, 15.382491 ], [ 74.3234619, 15.3676941 ], [ 74.3260882, 15.2838449 ], [ 74.2591169, 15.2406872 ], [ 74.3168961, 15.1839656 ], [ 74.2722486, 15.0976502 ], [ 74.2971987, 15.0409287 ], [ 74.2013377, 14.9250195 ], [ 74.0857794, 14.9003579 ], [ 74.1251743, 14.8411702 ], [ 74.0923452, 14.8041779 ], [ 74.2026509, 14.7326594 ], [ 74.2499248, 14.7388248 ], [ 74.2709354, 14.630314 ], [ 74.3549778, 14.5094725 ], [ 74.412757, 14.3158794 ], [ 74.4639704, 14.2012032 ], [ 74.5151838, 13.9866478 ], [ 74.5690234, 13.9496555 ], [ 74.6097315, 13.8670394 ], [ 74.670137, 13.6352209 ], [ 74.6977134, 13.3466809 ], [ 74.7751901, 13.0840354 ], [ 74.8237771, 12.8460516 ], [ 74.8697378, 12.7609693 ], [ 74.9984278, 12.7856308 ], [ 74.9826699, 12.7387739 ], [ 75.0509544, 12.7190446 ], [ 75.0470149, 12.6672554 ], [ 75.1599469, 12.6721877 ], [ 75.2203524, 12.5686092 ], [ 75.2755053, 12.6203985 ], [ 75.2807579, 12.5242185 ], [ 75.3595477, 12.4650308 ], [ 75.4212664, 12.37255 ], [ 75.4317717, 12.3096631 ], [ 75.5053088, 12.2702046 ], [ 75.5328853, 12.1999192 ], [ 75.6195541, 12.1555284 ], [ 75.7141018, 12.0704461 ], [ 75.8020837, 12.0790777 ], [ 75.8296602, 11.9841307 ], [ 75.8703682, 11.9520707 ], [ 76.0029977, 11.9311084 ], [ 76.1119903, 11.9791984 ], [ 76.1133034, 11.8583569 ], [ 76.1907801, 11.8706876 ], [ 76.2459329, 11.8028684 ], [ 76.2800752, 11.812733 ], [ 76.3391675, 11.7387484 ], [ 76.4140178, 11.7597107 ], [ 76.4310889, 11.6659969 ], [ 76.5111919, 11.7054553 ], [ 76.5597789, 11.6228392 ], [ 76.7567534, 11.6191399 ], [ 76.8473617, 11.5944784 ], [ 76.8355432, 11.6561322 ], [ 76.9077672, 11.7954699 ], [ 76.9694859, 11.7769738 ], [ 77.0128203, 11.8151992 ], [ 77.1178733, 11.7214853 ], [ 77.1099943, 11.7732746 ], [ 77.2938372, 11.8090338 ], [ 77.3345453, 11.7708084 ], [ 77.4277799, 11.7609438 ], [ 77.493438, 11.9434392 ], [ 77.6759677, 11.9520707 ], [ 77.7731418, 12.1210023 ], [ 77.7271811, 12.1814231 ], [ 77.6103095, 12.2060846 ], [ 77.4724274, 12.2085507 ], [ 77.4789932, 12.2714377 ], [ 77.5275803, 12.2788361 ], [ 77.6168754, 12.3676177 ], [ 77.6339465, 12.4872262 ], [ 77.5866726, 12.5143539 ], [ 77.5984911, 12.6672554 ], [ 77.7403127, 12.6734208 ], [ 77.8322341, 12.8620816 ], [ 77.9294082, 12.8904423 ], [ 78.0095112, 12.80536 ], [ 78.023956, 12.8571493 ], [ 78.1342617, 12.7819316 ], [ 78.2314358, 12.7609693 ], [ 78.2524464, 12.8608485 ], [ 78.3128519, 12.8583823 ], [ 78.3561863, 12.9409985 ], [ 78.4678052, 12.9755247 ], [ 78.4625525, 13.0433439 ], [ 78.5137659, 13.0618401 ], [ 78.5190185, 13.1197947 ], [ 78.587303, 13.2800947 ], [ 78.5321502, 13.2665308 ], [ 78.3653784, 13.3590116 ], [ 78.3745706, 13.509447 ], [ 78.4060865, 13.5772663 ], [ 78.2366884, 13.5994616 ], [ 78.0896141, 13.6586493 ], [ 78.0909273, 13.7424986 ], [ 78.1263827, 13.7868894 ], [ 78.1145642, 13.8633401 ], [ 78.0489061, 13.8966332 ], [ 77.9569846, 13.8362124 ], [ 77.9871874, 13.9558209 ], [ 77.9267819, 13.9052647 ], [ 77.895266, 13.941024 ], [ 77.815163, 13.9323924 ], [ 77.8374868, 13.8695055 ], [ 77.7193021, 13.8004532 ], [ 77.6208149, 13.7683932 ], [ 77.5249539, 13.6907093 ], [ 77.4553563, 13.6820778 ], [ 77.4645484, 13.8066186 ], [ 77.4330325, 13.8436109 ], [ 77.2203001, 13.8670394 ], [ 77.1690867, 13.830047 ], [ 77.1730262, 13.7622278 ], [ 77.0246387, 13.7794909 ], [ 76.9760517, 13.8177163 ], [ 77.0417099, 13.9336255 ], [ 76.9314041, 14.0298055 ], [ 76.9734254, 14.0840609 ], [ 76.8946356, 14.1679102 ], [ 77.0062544, 14.1839402 ], [ 77.035144, 14.0557001 ], [ 77.1270655, 14.0470686 ], [ 77.1415103, 14.0039109 ], [ 77.3227268, 14.0298055 ], [ 77.3713138, 13.9533548 ], [ 77.3476769, 13.9163624 ], [ 77.4343457, 13.9200617 ], [ 77.4264667, 13.9866478 ], [ 77.3319189, 14.0310386 ], [ 77.4002034, 14.1185871 ], [ 77.3476769, 14.1037901 ], [ 77.3936376, 14.1740755 ], [ 77.5039433, 14.1568125 ], [ 77.4816195, 14.2912179 ], [ 77.3791928, 14.3232779 ], [ 77.4146482, 14.2049025 ], [ 77.3634349, 14.2751879 ], [ 77.1362576, 14.3368417 ], [ 77.1165602, 14.2258648 ], [ 76.9392831, 14.2443609 ], [ 76.9563542, 14.293684 ], [ 76.8854434, 14.3479394 ], [ 76.9432226, 14.3997286 ], [ 76.9747385, 14.484811 ], [ 76.8683723, 14.4737133 ], [ 76.7646324, 14.6019533 ], [ 76.8027141, 14.741291 ], [ 76.8368564, 14.7906141 ], [ 76.8670591, 14.9694102 ], [ 76.7672587, 14.9755756 ], [ 76.8000878, 15.0951841 ], [ 76.8775644, 15.029831 ], [ 76.9852438, 15.0150341 ], [ 77.1126207, 15.0347633 ], [ 77.1690867, 15.1716349 ], [ 77.1257523, 15.2271233 ], [ 77.1520156, 15.2924764 ], [ 77.0640336, 15.3282356 ], [ 76.9747385, 15.510731 ], [ 77.0298914, 15.5020995 ], [ 77.0298914, 15.6340387 ], [ 77.1283786, 15.6660988 ], [ 77.0495888, 15.7302188 ], [ 77.0653468, 15.8276318 ], [ 77.0246387, 15.8374965 ], [ 77.0705994, 15.9090149 ], [ 77.2491897, 15.9645034 ], [ 77.5131355, 15.9275111 ], [ 77.4908117, 16.2555096 ], [ 77.5879858, 16.3331934 ], [ 77.4894985, 16.3849827 ], [ 77.421214, 16.3664865 ], [ 77.2885845, 16.4084111 ], [ 77.236058, 16.4725311 ], [ 77.3686875, 16.4885611 ], [ 77.4172745, 16.5169219 ], [ 77.3923244, 16.5699442 ], [ 77.4619221, 16.5859742 ], [ 77.4185877, 16.6685904 ], [ 77.4737406, 16.7166804 ], [ 77.4264667, 16.7290112 ], [ 77.4737406, 16.7808004 ], [ 77.4579826, 16.9090404 ], [ 77.5026302, 17.0089196 ], [ 77.4632353, 17.110032 ], [ 77.3621217, 17.1642873 ], [ 77.380506, 17.222242 ], [ 77.4579826, 17.2789635 ], [ 77.4540431, 17.3739104 ], [ 77.5157618, 17.3603466 ], [ 77.5131355, 17.430632 ], [ 77.6890993, 17.4762558 ], [ 77.6890993, 17.510782 ], [ 77.5932384, 17.5638043 ], [ 77.4435378, 17.5835335 ], [ 77.45273, 17.6945105 ], [ 77.5682883, 17.7487659 ], [ 77.5065696, 17.7857582 ], [ 77.5538435, 17.8202843 ], [ 77.5866726, 17.9078328 ], [ 77.6195017, 17.9041336 ], [ 77.6483913, 17.9990805 ], [ 77.5485909, 18.0656667 ], [ 77.5971779, 18.086629 ], [ 77.565662, 18.2037713 ], [ 77.6050569, 18.2814551 ], [ 77.5512172, 18.2913198 ] ] ] } },
{ "type": "Feature", "properties": { "id": "11", "STNAME": "MANIPUR", "STCODE11": "14", "STNAME_SH": "Manipur", "Shape_Le_1": 996284.38934582996, "Shape_Area": 27180700632.991001, "OBJECTID_1": 11, "OBJECTID": 11, "State_LGD": 14, "Shape_Leng": 996284.38934600004, "MaxSimpTol": 300, "MinSimpTol": 300 }, "geometry": { "type": "Polygon", "coordinates": [ [ [ 94.6761792, 25.4456327 ], [ 94.554055, 25.5023542 ], [ 94.5711261, 25.6922481 ], [ 94.505468, 25.6133312 ], [ 94.425365, 25.5862035 ], [ 94.4161729, 25.5368804 ], [ 94.2178852, 25.4912566 ], [ 94.1561666, 25.5516773 ], [ 94.0852557, 25.530715 ], [ 94.0222239, 25.5899027 ], [ 93.9605052, 25.5504443 ], [ 93.8882812, 25.5652412 ], [ 93.7648439, 25.5381135 ], [ 93.8094915, 25.4838581 ], [ 93.6374671, 25.2643704 ], [ 93.604638, 25.1990173 ], [ 93.5008981, 25.242175 ], [ 93.4536242, 25.3247912 ], [ 93.3814002, 25.2397088 ], [ 93.3328132, 25.0929727 ], [ 93.2513971, 25.0276196 ], [ 93.2487707, 24.9154096 ], [ 93.1489703, 24.7871696 ], [ 93.1095754, 24.8118311 ], [ 93.1016965, 24.6811249 ], [ 93.0084619, 24.4123142 ], [ 93.0399778, 24.3407957 ], [ 93.0242198, 24.233518 ], [ 92.9730065, 24.1126764 ], [ 93.0780595, 24.1015787 ], [ 93.0990701, 24.0436241 ], [ 93.1410914, 24.0880149 ], [ 93.2527102, 24.0214287 ], [ 93.3262474, 24.0485564 ], [ 93.3485712, 24.105278 ], [ 93.4221083, 24.0645864 ], [ 93.4628164, 23.9733387 ], [ 93.5153429, 23.9425118 ], [ 93.5915064, 23.961008 ], [ 93.6230223, 24.0115641 ], [ 93.7543386, 24.0053987 ], [ 93.8199968, 23.9240156 ], [ 93.8935339, 23.9523764 ], [ 94.0169712, 23.9264818 ], [ 94.1561666, 23.8487979 ], [ 94.1692982, 23.928948 ], [ 94.2375827, 24.0349926 ], [ 94.2599065, 24.1656987 ], [ 94.4082939, 24.4394418 ], [ 94.4542546, 24.5664488 ], [ 94.4962758, 24.5898772 ], [ 94.5409234, 24.7008542 ], [ 94.6052684, 24.7156511 ], [ 94.6315317, 24.8389588 ], [ 94.6879977, 24.889515 ], [ 94.7444637, 25.0374842 ], [ 94.7365847, 25.1348973 ], [ 94.6065815, 25.1817542 ], [ 94.5855709, 25.2668365 ], [ 94.6761792, 25.4456327 ] ] ] } },
{ "type": "Feature", "properties": { "id": "12", "STNAME": "MEGHALAYA", "STCODE11": "17", "STNAME_SH": "Meghalaya", "Shape_Le_1": 1276185.3000769799, "Shape_Area": 27649509239.446999, "OBJECTID_1": 12, "OBJECTID": 12, "State_LGD": 17, "Shape_Leng": 1276185.30008, "MaxSimpTol": 300, "MinSimpTol": 300 }, "geometry": { "type": "Polygon", "coordinates": [ [ [ 92.4254174, 25.0300857 ], [ 92.5252178, 25.1348973 ], [ 92.6210787, 25.1151681 ], [ 92.6578473, 25.1718896 ], [ 92.7720925, 25.2298442 ], [ 92.7812846, 25.3334227 ], [ 92.6512815, 25.4197381 ], [ 92.6066339, 25.4135727 ], [ 92.5738048, 25.4900235 ], [ 92.6420893, 25.5344143 ], [ 92.6525946, 25.5911358 ], [ 92.5843101, 25.5504443 ], [ 92.5541074, 25.6145643 ], [ 92.5055203, 25.6170304 ], [ 92.4135989, 25.7415712 ], [ 92.1562189, 25.6725189 ], [ 92.1509663, 25.8167889 ], [ 92.2258166, 25.9092697 ], [ 92.1549058, 25.9117358 ], [ 92.1640979, 25.9709235 ], [ 92.2638983, 26.0325774 ], [ 92.269151, 26.0683366 ], [ 92.1693505, 26.0782012 ], [ 92.132582, 26.0449081 ], [ 91.9894472, 26.0387428 ], [ 91.931668, 26.0128481 ], [ 91.867323, 26.042442 ], [ 91.8791415, 26.0979305 ], [ 91.8253018, 26.1201258 ], [ 91.730754, 26.0597051 ], [ 91.7202487, 25.9536604 ], [ 91.6703485, 25.9043374 ], [ 91.609943, 25.9376304 ], [ 91.6191351, 26.026412 ], [ 91.5705481, 26.026412 ], [ 91.4444844, 25.8402174 ], [ 91.3354919, 25.8402174 ], [ 91.2225598, 25.723075 ], [ 91.1779123, 25.7773304 ], [ 91.2041756, 25.8426835 ], [ 91.0019484, 25.8254204 ], [ 91.030838, 25.8858412 ], [ 90.9573009, 25.9351643 ], [ 90.8089134, 25.9524274 ], [ 90.781337, 25.9117358 ], [ 90.6881024, 25.9487281 ], [ 90.6316364, 25.9203674 ], [ 90.5344623, 25.9499612 ], [ 90.4766831, 26.0091489 ], [ 90.3992065, 26.0128481 ], [ 90.3243562, 25.9733897 ], [ 90.186474, 25.9437958 ], [ 90.1168764, 25.9573597 ], [ 89.9487915, 25.8155558 ], [ 89.8988913, 25.7267743 ], [ 90.0197023, 25.6071658 ], [ 89.8988913, 25.5603089 ], [ 89.8542437, 25.4678281 ], [ 89.816162, 25.3889112 ], [ 89.8345463, 25.2964304 ], [ 89.9080834, 25.3075281 ], [ 90.1129369, 25.2249119 ], [ 90.3322352, 25.1916188 ], [ 90.4451672, 25.1435288 ], [ 90.636889, 25.1731227 ], [ 90.7366894, 25.1533934 ], [ 90.7800238, 25.1842204 ], [ 90.8693189, 25.1595588 ], [ 91.0820514, 25.2014835 ], [ 91.2514494, 25.1977842 ], [ 91.4707477, 25.1361304 ], [ 91.6033772, 25.1731227 ], [ 91.6414589, 25.1237996 ], [ 91.746512, 25.1718896 ], [ 92.0813686, 25.1842204 ], [ 92.1759164, 25.1237996 ], [ 92.4254174, 25.0300857 ] ] ] } },
{ "type": "Feature", "properties": { "id": "13", "STNAME": "MIZORAM", "STCODE11": "15", "STNAME_SH": "Mizoram", "Shape_Le_1": 1154948.20850244, "Shape_Area": 25128260698.185001, "OBJECTID_1": 13, "OBJECTID": 13, "State_LGD": 15, "Shape_Leng": 1154948.2085, "MaxSimpTol": 300, "MinSimpTol": 300 }, "geometry": { "type": "Polygon", "coordinates": [ [ [ 93.0084619, 24.4123142 ], [ 92.9309852, 24.393818 ], [ 92.7996689, 24.4197126 ], [ 92.7629003, 24.5208249 ], [ 92.6893632, 24.3543595 ], [ 92.6250182, 24.3346303 ], [ 92.6118866, 24.2532472 ], [ 92.5514811, 24.2470818 ], [ 92.5239046, 24.1718641 ], [ 92.4634991, 24.1361049 ], [ 92.4227911, 24.2544803 ], [ 92.2927879, 24.2507811 ], [ 92.3321828, 24.1792626 ], [ 92.3072327, 23.8574295 ], [ 92.2573325, 23.8130387 ], [ 92.2652115, 23.7254902 ], [ 92.333496, 23.4283187 ], [ 92.4004673, 23.2359587 ], [ 92.3466276, 23.2371917 ], [ 92.3925883, 23.0571625 ], [ 92.374204, 22.9708471 ], [ 92.4451148, 22.8968625 ], [ 92.4740044, 22.7599909 ], [ 92.5291573, 22.6662771 ], [ 92.6053207, 22.1237232 ], [ 92.6079471, 21.9745209 ], [ 92.6801711, 22.0115132 ], [ 92.6946159, 22.153317 ], [ 92.8101742, 22.0965955 ], [ 92.8915903, 22.0115132 ], [ 92.9060351, 21.9412278 ], [ 92.9519958, 22.0300093 ], [ 93.0032092, 21.9819193 ], [ 93.0045224, 22.105227 ], [ 93.0596752, 22.1015278 ], [ 93.0373515, 22.1952416 ], [ 93.1607888, 22.1964747 ], [ 93.1397782, 22.2359332 ], [ 93.2014969, 22.264294 ], [ 93.1857389, 22.4270601 ], [ 93.1069491, 22.5269394 ], [ 93.1397782, 22.5922924 ], [ 93.0911912, 22.7045025 ], [ 93.0938175, 22.8056148 ], [ 93.1476572, 22.9252232 ], [ 93.1266466, 23.0435986 ], [ 93.1844257, 23.0596286 ], [ 93.2408918, 23.0066063 ], [ 93.3275605, 23.0398994 ], [ 93.3800871, 23.1866356 ], [ 93.355137, 23.353101 ], [ 93.4010977, 23.3839279 ], [ 93.3945319, 23.5035364 ], [ 93.4352399, 23.6786333 ], [ 93.3919055, 23.7575502 ], [ 93.3932187, 23.928948 ], [ 93.3485712, 23.9486772 ], [ 93.3262474, 24.0485564 ], [ 93.2527102, 24.0214287 ], [ 93.1410914, 24.0880149 ], [ 93.0990701, 24.0436241 ], [ 93.0780595, 24.1015787 ], [ 92.9730065, 24.1126764 ], [ 93.0242198, 24.233518 ], [ 93.0399778, 24.3407957 ], [ 93.0084619, 24.4123142 ] ] ] } },
{ "type": "Feature", "properties": { "id": "14", "STNAME": "NAGALAND", "STCODE11": "13", "STNAME_SH": "Nagaland", "Shape_Le_1": 1075385.60626935, "Shape_Area": 20628189320.758999, "OBJECTID_1": 14, "OBJECTID": 14, "State_LGD": 13, "Shape_Leng": 1075385.6062700001, "MaxSimpTol": 300, "MinSimpTol": 300 }, "geometry": { "type": "Polygon", "coordinates": [ [ [ 95.1948787, 27.0313698 ], [ 95.0950783, 26.9573851 ], [ 94.9821462, 26.9129944 ], [ 94.9217407, 26.9462875 ], [ 94.8731537, 26.9179267 ], [ 94.8022429, 26.8020174 ], [ 94.6919372, 26.7317321 ], [ 94.5396102, 26.7058374 ], [ 94.4030412, 26.6108905 ], [ 94.3951623, 26.5270413 ], [ 94.3163725, 26.4579889 ], [ 94.2848566, 26.5615674 ], [ 94.1719245, 26.4296282 ], [ 94.1745508, 26.3408466 ], [ 94.1154585, 26.3297489 ], [ 93.9946475, 26.1484866 ], [ 93.9539394, 25.9696904 ], [ 93.9788895, 25.9166681 ], [ 93.7950467, 25.8093904 ], [ 93.7753492, 25.9610589 ], [ 93.6808015, 25.9043374 ], [ 93.7018121, 25.851315 ], [ 93.5665563, 25.755135 ], [ 93.4969586, 25.6552558 ], [ 93.4273609, 25.6330604 ], [ 93.3498843, 25.5319481 ], [ 93.3840266, 25.4690612 ], [ 93.4575637, 25.4308358 ], [ 93.4536242, 25.3247912 ], [ 93.5008981, 25.242175 ], [ 93.604638, 25.1990173 ], [ 93.6374671, 25.2643704 ], [ 93.8094915, 25.4838581 ], [ 93.7648439, 25.5381135 ], [ 93.8882812, 25.5652412 ], [ 93.9605052, 25.5504443 ], [ 94.0222239, 25.5899027 ], [ 94.0852557, 25.530715 ], [ 94.1561666, 25.5516773 ], [ 94.2178852, 25.4912566 ], [ 94.4161729, 25.5368804 ], [ 94.425365, 25.5862035 ], [ 94.505468, 25.6133312 ], [ 94.5711261, 25.6922481 ], [ 94.554055, 25.5023542 ], [ 94.6761792, 25.4456327 ], [ 94.8048692, 25.4912566 ], [ 94.8468904, 25.562775 ], [ 94.8981038, 25.5652412 ], [ 94.9361855, 25.6663535 ], [ 95.0412386, 25.7428043 ], [ 95.0491176, 25.8007589 ], [ 95.0110358, 25.898172 ], [ 95.0898256, 25.9511943 ], [ 95.1856865, 26.0732689 ], [ 95.1174021, 26.1016297 ], [ 95.1318469, 26.3778389 ], [ 95.0622492, 26.4505905 ], [ 95.1397258, 26.5566351 ], [ 95.148918, 26.6158228 ], [ 95.2342736, 26.682409 ], [ 95.1856865, 26.8661374 ], [ 95.2277078, 26.8809344 ], [ 95.1948787, 27.0313698 ] ] ] } },
{ "type": "Feature", "properties": { "id": "15", "STNAME": "PUNJAB", "STCODE11": "03", "STNAME_SH": "Punjab", "Shape_Le_1": 2109547.3362027002, "Shape_Area": 68536515071.267998, "OBJECTID_1": 15, "OBJECTID": 15, "State_LGD": 3, "Shape_Leng": 2109547.3361999998, "MaxSimpTol": 300, "MinSimpTol": 300 }, "geometry": { "type": "Polygon", "coordinates": [ [ [ 76.7764509, 30.9044647 ], [ 76.7094796, 30.9698178 ], [ 76.6241239, 30.9994117 ], [ 76.6359424, 31.116554 ], [ 76.6018002, 31.1239524 ], [ 76.6280634, 31.2262978 ], [ 76.5834159, 31.276854 ], [ 76.5046261, 31.2669894 ], [ 76.4324021, 31.3274102 ], [ 76.3746229, 31.437154 ], [ 76.3220964, 31.3212448 ], [ 76.1802748, 31.3064478 ], [ 76.1684563, 31.3964625 ], [ 76.0988586, 31.5370333 ], [ 76.0174425, 31.6319802 ], [ 75.9596633, 31.7811825 ], [ 75.9714818, 31.8280394 ], [ 75.9097631, 31.9501141 ], [ 75.6011698, 32.093151 ], [ 75.6733937, 32.1585041 ], [ 75.6182409, 32.2361879 ], [ 75.7705678, 32.2892102 ], [ 75.8729946, 32.3952549 ], [ 75.9360264, 32.397721 ], [ 75.8349128, 32.5111641 ], [ 75.7285466, 32.4519764 ], [ 75.6865254, 32.3903226 ], [ 75.5394511, 32.3360672 ], [ 75.5341984, 32.2781125 ], [ 75.4672271, 32.3249695 ], [ 75.3319713, 32.3274356 ], [ 75.3726794, 32.2263233 ], [ 75.3306581, 32.2201579 ], [ 75.2794448, 32.1178125 ], [ 75.2019681, 32.1202787 ], [ 75.0404491, 32.0425948 ], [ 74.9248907, 32.0660233 ], [ 74.8290298, 31.9994371 ], [ 74.8185245, 31.9587456 ], [ 74.6767028, 31.9266856 ], [ 74.5716498, 31.8391371 ], [ 74.5466997, 31.7491225 ], [ 74.4862942, 31.7145963 ], [ 74.6162973, 31.5579956 ], [ 74.5847814, 31.5210032 ], [ 74.6517527, 31.4568832 ], [ 74.5519523, 31.3644025 ], [ 74.5099311, 31.132584 ], [ 74.5506392, 31.0881932 ], [ 74.5965999, 31.1276517 ], [ 74.6898345, 31.1276517 ], [ 74.6661975, 31.052434 ], [ 74.5742761, 31.0573663 ], [ 74.5466997, 30.9920132 ], [ 74.4166965, 30.940224 ], [ 74.3208356, 30.8465101 ], [ 74.2748749, 30.7367663 ], [ 74.050324, 30.5370078 ], [ 73.9347656, 30.4901508 ], [ 73.9649684, 30.4247978 ], [ 73.8796127, 30.3594447 ], [ 73.9308261, 30.3199862 ], [ 73.9728473, 30.1979116 ], [ 73.970221, 30.12516 ], [ 73.8861786, 30.011717 ], [ 73.8940575, 29.9734916 ], [ 74.5270022, 29.9426646 ], [ 74.6543791, 29.9056723 ], [ 74.693774, 29.9673262 ], [ 74.8053928, 29.9919877 ], [ 74.9262039, 29.9500631 ], [ 74.9905489, 29.8674469 ], [ 75.0706518, 29.8773116 ], [ 75.1507548, 29.7761992 ], [ 75.2111603, 29.8329208 ], [ 75.2374235, 29.74044 ], [ 75.1678259, 29.6701546 ], [ 75.2347972, 29.6035685 ], [ 75.2347972, 29.5419146 ], [ 75.3096475, 29.5604108 ], [ 75.2899501, 29.6085008 ], [ 75.4593481, 29.8070262 ], [ 75.5801592, 29.7392069 ], [ 75.7049097, 29.7638685 ], [ 75.7784468, 29.8218231 ], [ 75.8703682, 29.7490716 ], [ 75.9846134, 29.7268762 ], [ 76.1054245, 29.8119585 ], [ 76.2433066, 29.85265 ], [ 76.1723958, 29.9266346 ], [ 76.2538119, 30.0894008 ], [ 76.2078512, 30.155987 ], [ 76.3220964, 30.0955662 ], [ 76.399573, 30.1165285 ], [ 76.42321, 30.1917462 ], [ 76.4626049, 30.1004985 ], [ 76.5558395, 30.0820024 ], [ 76.6425082, 30.1498216 ], [ 76.6228108, 30.2644978 ], [ 76.7488745, 30.3606778 ], [ 76.7147322, 30.4026024 ], [ 76.8867566, 30.4297301 ], [ 76.9314041, 30.5012485 ], [ 76.9261515, 30.6097593 ], [ 76.8289774, 30.6812778 ], [ 76.7764509, 30.6701801 ], [ 76.7121059, 30.7614278 ], [ 76.7711982, 30.795954 ], [ 76.8381696, 30.7552624 ], [ 76.8460485, 30.8341793 ], [ 76.7764509, 30.9044647 ] ] ] } },
{ "type": "Feature", "properties": { "id": "16", "STNAME": "RAJASTHAN", "STCODE11": "08", "STNAME_SH": "Rajasthan", "Shape_Le_1": 5874266.0420968197, "Shape_Area": 429937013892.79901, "OBJECTID_1": 16, "OBJECTID": 16, "State_LGD": 8, "Shape_Leng": 5874266.0421000002, "MaxSimpTol": 300, "MinSimpTol": 300 }, "geometry": { "type": "Polygon", "coordinates": [ [ [ 74.5270022, 29.9426646 ], [ 73.8940575, 29.9734916 ], [ 73.8861786, 30.011717 ], [ 73.970221, 30.12516 ], [ 73.9728473, 30.1979116 ], [ 73.8060756, 30.0672054 ], [ 73.5972826, 30.0191154 ], [ 73.3963687, 29.9463639 ], [ 73.2821235, 29.5715085 ], [ 73.085149, 29.2361115 ], [ 73.0037328, 29.1522623 ], [ 72.9459537, 29.0277215 ], [ 72.7319081, 28.9475715 ], [ 72.4036172, 28.7835722 ], [ 72.2985642, 28.6688961 ], [ 72.2066428, 28.3939199 ], [ 72.0162341, 28.2274545 ], [ 71.9282521, 28.1214099 ], [ 71.8980494, 27.9611099 ], [ 71.6656195, 27.8772606 ], [ 71.3832894, 27.8723283 ], [ 71.2046992, 27.835336 ], [ 70.905298, 27.7095621 ], [ 70.7595368, 27.7206598 ], [ 70.6846865, 27.8279375 ], [ 70.6768076, 27.9216514 ], [ 70.5888256, 28.0104329 ], [ 70.5060963, 28.0363276 ], [ 70.3721537, 28.011666 ], [ 70.2263926, 27.9006891 ], [ 70.1318448, 27.8057421 ], [ 70.0254786, 27.562826 ], [ 69.9335572, 27.4974729 ], [ 69.8626463, 27.402526 ], [ 69.5868821, 27.1830382 ], [ 69.5133449, 27.0104075 ], [ 69.4844553, 26.8044836 ], [ 69.5107186, 26.7440628 ], [ 69.7195115, 26.6552813 ], [ 69.7917355, 26.5985597 ], [ 69.8862833, 26.5788305 ], [ 70.0556813, 26.6010259 ], [ 70.173866, 26.5517028 ], [ 70.1856845, 26.3741397 ], [ 70.1751792, 26.250832 ], [ 70.0832578, 26.0831335 ], [ 70.0990157, 25.9388635 ], [ 70.2684138, 25.7132104 ], [ 70.3865985, 25.673752 ], [ 70.5297333, 25.6836166 ], [ 70.6085231, 25.7144435 ], [ 70.6741812, 25.6762181 ], [ 70.6649891, 25.3975427 ], [ 70.7516579, 25.2779342 ], [ 70.8882268, 25.1484611 ], [ 70.9368139, 24.938838 ], [ 71.1114646, 24.6761926 ], [ 71.2874285, 24.6157719 ], [ 71.347834, 24.6613957 ], [ 71.3780367, 24.6256365 ], [ 71.4791503, 24.6798919 ], [ 71.6078403, 24.6774257 ], [ 71.6551142, 24.6392003 ], [ 71.7719857, 24.6761926 ], [ 71.8520887, 24.6096065 ], [ 71.8573413, 24.666328 ], [ 71.9256258, 24.6355011 ], [ 71.983405, 24.6860573 ], [ 72.0845186, 24.7070196 ], [ 72.0897712, 24.6589296 ], [ 72.1646215, 24.6207042 ], [ 72.2302797, 24.6404334 ], [ 72.3366459, 24.5985088 ], [ 72.2460377, 24.5849449 ], [ 72.289372, 24.5479526 ], [ 72.353717, 24.5639826 ], [ 72.3799803, 24.5121934 ], [ 72.441699, 24.5146595 ], [ 72.4574569, 24.4147803 ], [ 72.5388731, 24.5195919 ], [ 72.5756416, 24.4789003 ], [ 72.683321, 24.4641034 ], [ 72.7240291, 24.3679234 ], [ 72.8500927, 24.3716226 ], [ 72.9104983, 24.3370965 ], [ 72.9748433, 24.3691565 ], [ 72.9682774, 24.4505395 ], [ 73.0877753, 24.4973965 ], [ 73.0759568, 24.3962841 ], [ 73.1521203, 24.3543595 ], [ 73.0667647, 24.1940595 ], [ 73.2427286, 24.0029326 ], [ 73.3162657, 24.0534887 ], [ 73.326771, 24.1102103 ], [ 73.4042476, 24.041158 ], [ 73.4200056, 23.9252487 ], [ 73.3543474, 23.8524972 ], [ 73.4738453, 23.705761 ], [ 73.5237455, 23.6071148 ], [ 73.5723325, 23.6539718 ], [ 73.656375, 23.6206787 ], [ 73.6274854, 23.4480479 ], [ 73.697083, 23.4566794 ], [ 73.72072, 23.4098225 ], [ 73.8283994, 23.4480479 ], [ 73.8914312, 23.3346048 ], [ 73.962342, 23.3802287 ], [ 74.0385055, 23.2939133 ], [ 74.1383059, 23.2655525 ], [ 74.1278006, 23.1755379 ], [ 74.1816403, 23.1508763 ], [ 74.2472985, 23.1841694 ], [ 74.3247751, 23.0608617 ], [ 74.3864938, 23.1114179 ], [ 74.4639704, 23.081824 ], [ 74.5965999, 23.1373125 ], [ 74.7134714, 23.2507556 ], [ 74.6268026, 23.2593871 ], [ 74.5296286, 23.321041 ], [ 74.6123578, 23.4628448 ], [ 74.8474141, 23.5516264 ], [ 74.9025669, 23.6243779 ], [ 74.9406486, 23.7649487 ], [ 74.9038801, 23.7945426 ], [ 74.9314565, 23.9573087 ], [ 74.9826699, 24.025128 ], [ 74.9393355, 24.0534887 ], [ 74.8671115, 24.2433826 ], [ 74.7751901, 24.2384503 ], [ 74.7804427, 24.3383295 ], [ 74.855293, 24.4246449 ], [ 74.7082188, 24.4862988 ], [ 74.814585, 24.666328 ], [ 74.7712506, 24.6613957 ], [ 74.8001402, 24.7797711 ], [ 74.8763036, 24.6428996 ], [ 74.9288302, 24.6355011 ], [ 75.0023673, 24.6860573 ], [ 75.00762, 24.7711396 ], [ 74.8605457, 24.7982673 ], [ 74.8264034, 24.9006127 ], [ 74.8434746, 24.9684319 ], [ 74.9235775, 24.8771842 ], [ 75.0338832, 24.8451242 ], [ 75.1166125, 24.8771842 ], [ 75.1139862, 24.9671988 ], [ 75.1980286, 25.0325519 ], [ 75.3345976, 25.0411834 ], [ 75.337224, 24.954868 ], [ 75.2952027, 24.857455 ], [ 75.4265191, 24.8845827 ], [ 75.3109607, 24.8007334 ], [ 75.249242, 24.8303273 ], [ 75.1901497, 24.7538765 ], [ 75.2282314, 24.7181173 ], [ 75.4554086, 24.6811249 ], [ 75.5827855, 24.7131849 ], [ 75.6103619, 24.6811249 ], [ 75.7574362, 24.761275 ], [ 75.836226, 24.7279819 ], [ 75.8257207, 24.6133057 ], [ 75.9150158, 24.5726142 ], [ 75.9097631, 24.4554718 ], [ 75.8388523, 24.4135472 ], [ 75.8139022, 24.4616372 ], [ 75.7311729, 24.3987503 ], [ 75.7403651, 24.3321641 ], [ 75.8112759, 24.2964049 ], [ 75.8296602, 24.233518 ], [ 75.7508704, 24.1435034 ], [ 75.836226, 24.057188 ], [ 75.7022833, 23.9659403 ], [ 75.6707674, 24.0177295 ], [ 75.5814723, 23.9906018 ], [ 75.5210668, 24.0238949 ], [ 75.4619745, 23.914151 ], [ 75.5762197, 23.8426326 ], [ 75.5840986, 23.7945426 ], [ 75.6536963, 23.7982418 ], [ 75.9806739, 23.928948 ], [ 75.9636028, 24.0189626 ], [ 76.1264351, 24.0880149 ], [ 76.1172429, 24.1940595 ], [ 76.1855274, 24.329698 ], [ 76.2131038, 24.2100895 ], [ 76.3220964, 24.2458488 ], [ 76.4704838, 24.2261195 ], [ 76.5505868, 24.1632326 ], [ 76.616245, 24.2581795 ], [ 76.6950348, 24.2840741 ], [ 76.6766505, 24.1903603 ], [ 76.7698851, 24.1607664 ], [ 76.801401, 24.1163757 ], [ 76.9012014, 24.1274734 ], [ 76.9458489, 24.2063903 ], [ 76.8631197, 24.2729764 ], [ 76.8460485, 24.4862988 ], [ 76.8158458, 24.5331557 ], [ 76.9182725, 24.5430203 ], [ 76.9182725, 24.4813665 ], [ 76.9773649, 24.4616372 ], [ 77.0548415, 24.5257572 ], [ 77.0653468, 24.6441326 ], [ 77.0298914, 24.7119519 ], [ 76.9642332, 24.7563426 ], [ 76.8565538, 24.7427788 ], [ 76.8027141, 24.809365 ], [ 76.9497884, 24.8697857 ], [ 76.8618065, 24.9610334 ], [ 76.8762513, 25.0411834 ], [ 76.9996886, 25.0744765 ], [ 77.0850442, 25.0547473 ], [ 77.1743393, 25.1114688 ], [ 77.2977767, 25.0868073 ], [ 77.3936376, 25.1188673 ], [ 77.4107087, 25.2236788 ], [ 77.3555559, 25.2631373 ], [ 77.3713138, 25.4086404 ], [ 77.3135347, 25.4320689 ], [ 77.2347449, 25.3790465 ], [ 77.2229264, 25.3186258 ], [ 77.0837311, 25.3371219 ], [ 77.0312046, 25.2939642 ], [ 76.857867, 25.3321896 ], [ 76.777764, 25.3149265 ], [ 76.6398819, 25.3839789 ], [ 76.5164446, 25.5270158 ], [ 76.5046261, 25.6712858 ], [ 76.5295762, 25.8118566 ], [ 76.6320029, 25.8994051 ], [ 76.7068532, 25.8994051 ], [ 76.7908957, 25.9425627 ], [ 76.9012014, 26.0929981 ], [ 76.9983755, 26.1299905 ], [ 77.1165602, 26.2200051 ], [ 77.2702003, 26.266862 ], [ 77.4382852, 26.4037336 ], [ 77.5236408, 26.4074328 ], [ 77.7442522, 26.538139 ], [ 77.823042, 26.5504697 ], [ 77.8269815, 26.5960936 ], [ 77.903145, 26.6589805 ], [ 78.000319, 26.6947397 ], [ 78.0961799, 26.6811759 ], [ 78.1263827, 26.7970851 ], [ 78.2222436, 26.8303782 ], [ 78.209112, 26.8686036 ], [ 78.2721438, 26.9191598 ], [ 78.1185037, 26.9475205 ], [ 78.0961799, 26.8932651 ], [ 77.9491057, 26.8932651 ], [ 77.7600102, 26.9327236 ], [ 77.7232416, 26.874769 ], [ 77.5262671, 26.8192805 ], [ 77.5026302, 26.7687244 ], [ 77.4330325, 26.7674913 ], [ 77.3975771, 26.8303782 ], [ 77.4908117, 26.9006636 ], [ 77.6602097, 26.970949 ], [ 77.742939, 26.9832798 ], [ 77.6799072, 27.0473998 ], [ 77.6024306, 27.0227382 ], [ 77.5367724, 27.0979559 ], [ 77.6812204, 27.1941359 ], [ 77.5840463, 27.3211429 ], [ 77.4395983, 27.3901952 ], [ 77.4382852, 27.4567813 ], [ 77.3397979, 27.5270667 ], [ 77.3529295, 27.6516075 ], [ 77.3109083, 27.7884791 ], [ 77.2833319, 27.8008098 ], [ 77.2019158, 27.8242383 ], [ 77.1572682, 27.7860129 ], [ 77.0443362, 27.8217721 ], [ 77.0272651, 27.7786145 ], [ 77.0850442, 27.7379229 ], [ 76.9996886, 27.7366898 ], [ 76.978678, 27.6540737 ], [ 76.8946356, 27.7181937 ], [ 76.9419094, 27.8427345 ], [ 76.9392831, 28.0424929 ], [ 76.970799, 28.1386729 ], [ 76.8749381, 28.2175899 ], [ 76.8079668, 28.2114245 ], [ 76.7948352, 28.1485376 ], [ 76.656953, 28.0893499 ], [ 76.6687715, 28.0141322 ], [ 76.5374552, 27.9672752 ], [ 76.544021, 28.0338614 ], [ 76.4481601, 28.0893499 ], [ 76.4757365, 28.1485376 ], [ 76.3562386, 28.1436053 ], [ 76.3010858, 28.0979814 ], [ 76.3562386, 28.0708537 ], [ 76.3194701, 28.0153652 ], [ 76.2603777, 28.0671545 ], [ 76.1776484, 28.0461922 ], [ 76.1684563, 27.9031552 ], [ 76.2249223, 27.8328698 ], [ 76.1829011, 27.7983437 ], [ 76.1238087, 27.851366 ], [ 76.0043109, 27.8341029 ], [ 75.9872398, 27.9043883 ], [ 75.9386527, 27.9142529 ], [ 76.0003714, 27.9771399 ], [ 75.9452185, 28.1066129 ], [ 76.0712822, 28.1645676 ], [ 75.9176421, 28.3717245 ], [ 75.8191549, 28.4099499 ], [ 75.6339988, 28.5443553 ], [ 75.6221804, 28.6023099 ], [ 75.5617749, 28.6134076 ], [ 75.5039957, 28.7823392 ], [ 75.5197536, 28.8341284 ], [ 75.4737929, 28.9229099 ], [ 75.5276326, 28.9709999 ], [ 75.3910636, 29.0622476 ], [ 75.39369, 29.260773 ], [ 75.3411634, 29.2817354 ], [ 75.2098471, 29.2348784 ], [ 75.1875233, 29.2681715 ], [ 75.1192389, 29.2225477 ], [ 75.0496412, 29.2866677 ], [ 74.9616593, 29.2805023 ], [ 74.9380223, 29.3618854 ], [ 74.8500404, 29.40381 ], [ 74.7870085, 29.3618854 ], [ 74.6071052, 29.35572 ], [ 74.5427602, 29.46793 ], [ 74.5847814, 29.4580654 ], [ 74.6228631, 29.5308169 ], [ 74.5742761, 29.56411 ], [ 74.6162973, 29.7527708 ], [ 74.4810415, 29.7429062 ], [ 74.484981, 29.8144246 ], [ 74.5611445, 29.8699131 ], [ 74.5270022, 29.9426646 ] ] ] } },
{ "type": "Feature", "properties": { "id": "17", "STNAME": "SIKKIM", "STCODE11": "11", "STNAME_SH": "Sikkim", "Shape_Le_1": 501580.17145150999, "Shape_Area": 9077726165.6229992, "OBJECTID_1": 17, "OBJECTID": 17, "State_LGD": 11, "Shape_Leng": 501580.17145199998, "MaxSimpTol": 300, "MinSimpTol": 300 }, "geometry": { "type": "Polygon", "coordinates": [ [ [ 88.7459339, 27.1423467 ], [ 88.8037131, 27.2483913 ], [ 88.9140188, 27.2903159 ], [ 88.8614923, 27.386496 ], [ 88.7761367, 27.4691121 ], [ 88.8155316, 27.6466752 ], [ 88.8483607, 27.6676375 ], [ 88.8562397, 27.8156068 ], [ 88.8825029, 27.8908245 ], [ 88.8365422, 27.9290499 ], [ 88.8444212, 27.9931699 ], [ 88.7564393, 28.075786 ], [ 88.6671441, 28.075786 ], [ 88.6330019, 28.1214099 ], [ 88.5423936, 28.0326283 ], [ 88.4951198, 28.0535906 ], [ 88.3874404, 27.979606 ], [ 88.2508714, 27.9426137 ], [ 88.1445052, 27.9648091 ], [ 88.135313, 27.8821929 ], [ 88.1957185, 27.8538322 ], [ 88.1983449, 27.7909452 ], [ 88.143192, 27.6627052 ], [ 88.0827865, 27.5887206 ], [ 88.0447048, 27.4777437 ], [ 88.0683417, 27.3347067 ], [ 88.014502, 27.211399 ], [ 88.0644022, 27.2138652 ], [ 88.0959181, 27.1337152 ], [ 88.1536973, 27.1102867 ], [ 88.3165296, 27.1250836 ], [ 88.4307748, 27.0794598 ], [ 88.5962333, 27.1892036 ], [ 88.7459339, 27.1423467 ] ] ] } },
{ "type": "Feature", "properties": { "id": "18", "STNAME": "TRIPURA", "STCODE11": "16", "STNAME_SH": "Tripura", "Shape_Le_1": 963810.95304400998, "Shape_Area": 12469658003.063, "OBJECTID_1": 18, "OBJECTID": 18, "State_LGD": 16, "Shape_Leng": 963810.95304399997, "MaxSimpTol": 300, "MinSimpTol": 300 }, "geometry": { "type": "Polygon", "coordinates": [ [ [ 92.2113718, 24.5047949 ], [ 92.1562189, 24.5257572 ], [ 92.1680374, 24.4246449 ], [ 92.1102582, 24.3839534 ], [ 92.0012657, 24.3950511 ], [ 91.9933867, 24.3284649 ], [ 91.9224759, 24.3383295 ], [ 91.9421733, 24.2631118 ], [ 91.9027784, 24.137338 ], [ 91.746512, 24.2446157 ], [ 91.7570173, 24.1435034 ], [ 91.682167, 24.1619995 ], [ 91.6624695, 24.2322849 ], [ 91.6362063, 24.1163757 ], [ 91.5810534, 24.074451 ], [ 91.3761999, 24.105278 ], [ 91.3788263, 23.9745718 ], [ 91.3000365, 23.9980003 ], [ 91.2199335, 23.8796249 ], [ 91.2475099, 23.8303018 ], [ 91.2212467, 23.7427533 ], [ 91.1660938, 23.7501518 ], [ 91.1569017, 23.6700018 ], [ 91.2225598, 23.4949048 ], [ 91.2540758, 23.4862733 ], [ 91.3092286, 23.3099433 ], [ 91.3236734, 23.1582748 ], [ 91.3958974, 23.0559294 ], [ 91.416908, 23.0830571 ], [ 91.3801394, 23.1915679 ], [ 91.4536766, 23.2606202 ], [ 91.5429717, 22.9992079 ], [ 91.6204483, 22.9387871 ], [ 91.6453984, 22.9844109 ], [ 91.7110566, 22.9831779 ], [ 91.8121701, 23.065794 ], [ 91.8174228, 23.1015533 ], [ 91.7648963, 23.3099433 ], [ 91.8371202, 23.3715971 ], [ 91.8042912, 23.5121679 ], [ 91.8660098, 23.4455818 ], [ 91.947426, 23.4357171 ], [ 91.9736892, 23.481341 ], [ 91.9369207, 23.689731 ], [ 91.9579313, 23.7390541 ], [ 92.0065183, 23.6650695 ], [ 92.0748028, 23.6465733 ], [ 92.1194503, 23.7316556 ], [ 92.2061191, 23.705761 ], [ 92.2310692, 23.6552049 ], [ 92.2652115, 23.7254902 ], [ 92.2573325, 23.8130387 ], [ 92.3072327, 23.8574295 ], [ 92.3321828, 24.1792626 ], [ 92.2927879, 24.2507811 ], [ 92.2192508, 24.2347511 ], [ 92.2599588, 24.3580588 ], [ 92.2113718, 24.5047949 ] ] ] } },
{ "type": "Feature", "properties": { "id": "19", "STNAME": "UTTARAKHAND", "STCODE11": "05", "STNAME_SH": "Uttarakhand", "Shape_Le_1": 1867917.3732969901, "Shape_Area": 71686666113.722, "OBJECTID_1": 19, "OBJECTID": 19, "State_LGD": 5, "Shape_Leng": 1867917.3733000001, "MaxSimpTol": 300, "MinSimpTol": 300 }, "geometry": { "type": "Polygon", "coordinates": [ [ [ 80.0646117, 28.8365945 ], [ 80.059359, 28.9155115 ], [ 80.1184514, 28.9808646 ], [ 80.1447146, 29.1029392 ], [ 80.2707783, 29.1399315 ], [ 80.3180522, 29.3125623 ], [ 80.2432019, 29.4112084 ], [ 80.2563335, 29.4506669 ], [ 80.4086604, 29.5974031 ], [ 80.3679524, 29.7490716 ], [ 80.5531084, 29.8489508 ], [ 80.6016954, 29.9574616 ], [ 80.6752326, 29.9574616 ], [ 80.7619014, 30.0499423 ], [ 80.8761466, 30.1288593 ], [ 80.9076625, 30.2225731 ], [ 80.9286731, 30.1744831 ], [ 81.0350393, 30.1979116 ], [ 81.032413, 30.2472347 ], [ 80.9089756, 30.3039562 ], [ 80.8039226, 30.3236854 ], [ 80.7080617, 30.4173993 ], [ 80.6069481, 30.4716547 ], [ 80.5412899, 30.4482262 ], [ 80.4099736, 30.5259101 ], [ 80.2090596, 30.588797 ], [ 80.1985543, 30.6862101 ], [ 80.2484545, 30.7195032 ], [ 80.1722911, 30.8082847 ], [ 80.1092592, 30.779924 ], [ 80.0554195, 30.8378786 ], [ 79.8886478, 30.9180286 ], [ 79.874203, 30.9673517 ], [ 79.753392, 31.0068101 ], [ 79.601065, 30.9328255 ], [ 79.5065173, 31.0327047 ], [ 79.4264143, 31.0240732 ], [ 79.4093432, 31.1079224 ], [ 79.3187349, 31.1362832 ], [ 79.2964112, 31.2176663 ], [ 79.2215609, 31.2595909 ], [ 79.2333793, 31.3335755 ], [ 79.166408, 31.3607032 ], [ 79.1388316, 31.4334548 ], [ 79.0718602, 31.4556502 ], [ 79.0153942, 31.4235902 ], [ 79.0153942, 31.3471394 ], [ 78.9431702, 31.3656355 ], [ 78.8814516, 31.2867186 ], [ 78.9865046, 31.1732755 ], [ 79.0088284, 31.1103886 ], [ 78.8853911, 31.0992909 ], [ 78.8092276, 31.1979371 ], [ 78.659527, 31.1905386 ], [ 78.5781109, 31.2250648 ], [ 78.4835631, 31.1991701 ], [ 78.3955812, 31.2756209 ], [ 78.3115387, 31.2830194 ], [ 78.2471937, 31.2299971 ], [ 78.1605249, 31.2250648 ], [ 78.0305218, 31.1510801 ], [ 77.9083976, 31.1535463 ], [ 77.8164762, 31.0573663 ], [ 77.8059709, 30.8539086 ], [ 77.758697, 30.877337 ], [ 77.7087968, 30.7404655 ], [ 77.7928392, 30.6603155 ], [ 77.7455654, 30.6035939 ], [ 77.8177893, 30.5604362 ], [ 77.8191025, 30.508647 ], [ 77.573541, 30.412467 ], [ 77.5761673, 30.3976701 ], [ 77.6483913, 30.4050685 ], [ 77.7219284, 30.3298508 ], [ 77.9372872, 30.2497008 ], [ 77.9123371, 30.1831147 ], [ 77.7337469, 29.9562285 ], [ 77.7140494, 29.8699131 ], [ 77.774455, 29.7909962 ], [ 77.7692023, 29.7182446 ], [ 77.8296078, 29.6676885 ], [ 77.9267819, 29.7145454 ], [ 77.9832479, 29.64426 ], [ 77.9333477, 29.6011023 ], [ 78.0213296, 29.5813731 ], [ 78.1303222, 29.6528915 ], [ 78.2038593, 29.7379739 ], [ 78.2603254, 29.7379739 ], [ 78.3351757, 29.7959285 ], [ 78.5137659, 29.7231769 ], [ 78.5216448, 29.6578239 ], [ 78.5807372, 29.5863054 ], [ 78.7068009, 29.5024561 ], [ 78.9182201, 29.4346369 ], [ 78.9116543, 29.3939454 ], [ 78.7343773, 29.2989984 ], [ 78.7908433, 29.2459761 ], [ 78.8761989, 29.2250138 ], [ 78.9195333, 29.1349992 ], [ 79.0088284, 29.1115707 ], [ 79.0364048, 29.1695253 ], [ 79.1532764, 29.11527 ], [ 79.1427711, 29.06718 ], [ 79.3069165, 28.9660676 ], [ 79.40803, 28.9525038 ], [ 79.4251012, 28.8674215 ], [ 79.7192497, 28.8452261 ], [ 79.8295554, 28.8846846 ], [ 79.8728898, 28.7971361 ], [ 79.954306, 28.7231515 ], [ 80.0304694, 28.7490461 ], [ 80.0646117, 28.8365945 ] ] ] } },
{ "type": "Feature", "properties": { "id": "20", "STNAME": "TELANGANA", "STCODE11": "36", "STNAME_SH": "Telangana", "Shape_Le_1": 2571619.6807091301, "Shape_Area": 124345090472.289, "OBJECTID_1": 20, "OBJECTID": 20, "State_LGD": 36, "Shape_Leng": 2571619.68071, "MaxSimpTol": 300, "MinSimpTol": 300 }, "geometry": { "type": "Polygon", "coordinates": [ [ [ 80.2734046, 18.7228967 ], [ 80.195928, 18.6809721 ], [ 80.1184514, 18.6809721 ], [ 80.018651, 18.7697536 ], [ 79.9162242, 18.8301744 ], [ 79.9621849, 18.8671667 ], [ 79.9372348, 19.0422637 ], [ 79.8715767, 19.0410306 ], [ 79.858445, 19.1026844 ], [ 79.946427, 19.1692706 ], [ 79.9254164, 19.2111952 ], [ 79.9661244, 19.303676 ], [ 79.9726902, 19.415886 ], [ 79.9451138, 19.4701414 ], [ 79.8650109, 19.5108329 ], [ 79.8164238, 19.5737199 ], [ 79.7428867, 19.608246 ], [ 79.6299546, 19.5737199 ], [ 79.6023782, 19.5145322 ], [ 79.4710619, 19.4997352 ], [ 79.3660088, 19.576186 ], [ 79.2504505, 19.6156445 ], [ 79.2333793, 19.5194645 ], [ 79.1900449, 19.4590437 ], [ 79.045597, 19.5478253 ], [ 78.9405439, 19.5515245 ], [ 78.9549887, 19.656336 ], [ 78.852562, 19.6588022 ], [ 78.8407435, 19.7623807 ], [ 78.5518476, 19.8240345 ], [ 78.4901289, 19.7932076 ], [ 78.4231576, 19.8178691 ], [ 78.3811364, 19.8807561 ], [ 78.3075992, 19.9140491 ], [ 78.2852755, 19.8560945 ], [ 78.3653784, 19.7808768 ], [ 78.3430546, 19.7130576 ], [ 78.2760833, 19.6920953 ], [ 78.3036597, 19.5687876 ], [ 78.2747702, 19.5626222 ], [ 78.3049729, 19.4565776 ], [ 78.1946672, 19.4072545 ], [ 78.1749697, 19.2370898 ], [ 78.0554719, 19.2370898 ], [ 77.9451662, 19.3431345 ], [ 77.8637501, 19.3049091 ], [ 77.8335473, 19.1347444 ], [ 77.7652628, 19.063226 ], [ 77.7718286, 18.9793767 ], [ 77.8584974, 18.9497829 ], [ 77.9491057, 18.8437383 ], [ 77.8401131, 18.8055129 ], [ 77.7875866, 18.6822052 ], [ 77.7298074, 18.6674083 ], [ 77.7389995, 18.5564313 ], [ 77.6562703, 18.5305367 ], [ 77.5958647, 18.5490329 ], [ 77.5512172, 18.4602513 ], [ 77.5262671, 18.3418759 ], [ 77.5512172, 18.2913198 ], [ 77.6050569, 18.2814551 ], [ 77.565662, 18.2037713 ], [ 77.5971779, 18.086629 ], [ 77.5485909, 18.0656667 ], [ 77.6483913, 17.9990805 ], [ 77.6195017, 17.9041336 ], [ 77.5866726, 17.9078328 ], [ 77.5538435, 17.8202843 ], [ 77.5065696, 17.7857582 ], [ 77.5682883, 17.7487659 ], [ 77.45273, 17.6945105 ], [ 77.4435378, 17.5835335 ], [ 77.5932384, 17.5638043 ], [ 77.6890993, 17.510782 ], [ 77.6890993, 17.4762558 ], [ 77.5131355, 17.430632 ], [ 77.5157618, 17.3603466 ], [ 77.4540431, 17.3739104 ], [ 77.4579826, 17.2789635 ], [ 77.380506, 17.222242 ], [ 77.3621217, 17.1642873 ], [ 77.4632353, 17.110032 ], [ 77.5026302, 17.0089196 ], [ 77.4579826, 16.9090404 ], [ 77.4737406, 16.7808004 ], [ 77.4264667, 16.7290112 ], [ 77.4737406, 16.7166804 ], [ 77.4185877, 16.6685904 ], [ 77.4619221, 16.5859742 ], [ 77.3923244, 16.5699442 ], [ 77.4172745, 16.5169219 ], [ 77.3686875, 16.4885611 ], [ 77.236058, 16.4725311 ], [ 77.2885845, 16.4084111 ], [ 77.421214, 16.3664865 ], [ 77.4894985, 16.3849827 ], [ 77.5879858, 16.3331934 ], [ 77.4908117, 16.2555096 ], [ 77.5131355, 15.9275111 ], [ 77.6588966, 15.8855865 ], [ 77.8033445, 15.8744888 ], [ 77.8887002, 15.9065488 ], [ 78.0095112, 15.862158 ], [ 78.0252691, 15.9028495 ], [ 78.0988063, 15.8362634 ], [ 78.1749697, 15.8584588 ], [ 78.1841619, 15.910248 ], [ 78.2511332, 15.9349095 ], [ 78.2616385, 16.0261572 ], [ 78.2997203, 16.0113603 ], [ 78.4073996, 16.0754803 ], [ 78.5518476, 16.0421872 ], [ 78.6266979, 16.0878111 ], [ 78.7356905, 16.0076611 ], [ 78.8407435, 16.0779465 ], [ 78.8341777, 16.1445326 ], [ 78.8893306, 16.0853449 ], [ 78.9221596, 16.1038411 ], [ 78.9050885, 16.1839911 ], [ 79.0088284, 16.2407126 ], [ 79.1572159, 16.2086526 ], [ 79.2163082, 16.2271488 ], [ 79.2202477, 16.5144558 ], [ 79.2570163, 16.566245 ], [ 79.4185353, 16.5798088 ], [ 79.439546, 16.6131019 ], [ 79.632581, 16.6599588 ], [ 79.7927869, 16.7253119 ], [ 79.9634981, 16.6439288 ], [ 80.0554195, 16.7450412 ], [ 80.0724906, 16.8177927 ], [ 79.9989535, 16.8646496 ], [ 80.0554195, 16.9719273 ], [ 80.1867359, 17.0200173 ], [ 80.2825968, 17.0076866 ], [ 80.3114864, 16.9164389 ], [ 80.3797708, 16.8177927 ], [ 80.4270447, 16.8498527 ], [ 80.4651265, 16.7955973 ], [ 80.5701795, 16.7684696 ], [ 80.5623005, 16.8325896 ], [ 80.6016954, 16.918905 ], [ 80.5347241, 16.9620627 ], [ 80.4940161, 16.9275366 ], [ 80.3640129, 16.9756266 ], [ 80.4191657, 17.0927689 ], [ 80.4651265, 17.029882 ], [ 80.5137135, 17.1223627 ], [ 80.5806848, 17.1531897 ], [ 80.6988695, 17.0841373 ], [ 80.8288727, 17.0533104 ], [ 80.8708939, 17.0693404 ], [ 80.8787729, 17.1605881 ], [ 80.9194809, 17.2197758 ], [ 81.0310998, 17.190182 ], [ 81.1742346, 17.2308735 ], [ 81.1899926, 17.3245874 ], [ 81.274035, 17.3171889 ], [ 81.3121168, 17.4084366 ], [ 81.1479714, 17.4639251 ], [ 81.1269607, 17.526812 ], [ 81.0192814, 17.5206466 ], [ 80.9693812, 17.5983305 ], [ 80.8551359, 17.6020297 ], [ 80.911602, 17.6377889 ], [ 80.8853387, 17.735202 ], [ 80.9733206, 17.7808259 ], [ 81.0586763, 17.7327359 ], [ 81.0849395, 17.7980889 ], [ 81.008776, 17.7980889 ], [ 80.9982707, 17.9164643 ], [ 80.9496837, 18.086629 ], [ 80.9785733, 18.1791097 ], [ 80.8669544, 18.1396513 ], [ 80.8656413, 18.2333651 ], [ 80.82362, 18.2395305 ], [ 80.7986699, 18.1717113 ], [ 80.7369513, 18.2222674 ], [ 80.7934173, 18.2592598 ], [ 80.7487697, 18.3085828 ], [ 80.7343249, 18.4133944 ], [ 80.5990691, 18.5527321 ], [ 80.5150267, 18.6193182 ], [ 80.4546212, 18.6304159 ], [ 80.3456286, 18.5958898 ], [ 80.2734046, 18.7228967 ] ] ] } },
{ "type": "Feature", "properties": { "id": "21", "STNAME": "ANDAMAN & NICOBAR", "STCODE11": "35", "STNAME_SH": "Andaman & Nicobar", "Shape_Le_1": 4249865.1690112203, "Shape_Area": 7613319403.6370001, "OBJECTID_1": 21, "OBJECTID": 21, "State_LGD": 35, "Shape_Leng": 4249865.1690100003, "MaxSimpTol": 300, "MinSimpTol": 300 }, "geometry": { "type": "MultiPolygon", "coordinates": [ [ [ [ 93.8370679, 7.2404834 ], [ 93.7779755, 7.1960926 ], [ 93.6742356, 7.1911603 ], [ 93.645346, 7.1270403 ], [ 93.6676698, 7.0234618 ], [ 93.71757, 6.9926349 ], [ 93.7806019, 6.8298687 ], [ 93.8305021, 6.7558841 ], [ 93.8449469, 6.8163049 ], [ 93.9040392, 6.834801 ], [ 93.8882812, 6.9038534 ], [ 93.9224235, 7.0111311 ], [ 93.8804023, 7.090048 ], [ 93.8370679, 7.2404834 ] ] ], [ [ [ 93.7004989, 7.4451742 ], [ 93.668983, 7.378588 ], [ 93.6203959, 7.3736557 ], [ 93.6361539, 7.2441826 ], [ 93.7136305, 7.3120018 ], [ 93.7425201, 7.3773549 ], [ 93.7004989, 7.4451742 ] ] ], [ [ [ 93.3708949, 8.0222542 ], [ 93.3183684, 8.0037581 ], [ 93.3104894, 7.9322396 ], [ 93.3682686, 7.8841496 ], [ 93.452311, 7.9359388 ], [ 93.3708949, 8.0222542 ] ] ], [ [ [ 93.5363535, 8.0284196 ], [ 93.4982718, 7.986495 ], [ 93.5678694, 7.9310065 ], [ 93.5363535, 8.0284196 ] ] ], [ [ [ 93.5114034, 8.2355765 ], [ 93.4496847, 8.1800881 ], [ 93.475948, 8.0469158 ], [ 93.5389798, 8.0370511 ], [ 93.4982718, 8.1369304 ], [ 93.5114034, 8.2355765 ] ] ], [ [ [ 93.1161413, 8.3564181 ], [ 93.0767464, 8.2738019 ], [ 93.1122018, 8.2257119 ], [ 93.1923047, 8.2183135 ], [ 93.1161413, 8.2762681 ], [ 93.1161413, 8.3564181 ] ] ], [ [ [ 92.7931031, 9.2393013 ], [ 92.7208791, 9.2183389 ], [ 92.7274449, 9.1270912 ], [ 92.8259322, 9.1406551 ], [ 92.7931031, 9.2393013 ] ] ], [ [ [ 92.5212783, 10.8977899 ], [ 92.3755172, 10.7732491 ], [ 92.3833962, 10.6709037 ], [ 92.4201647, 10.6154152 ], [ 92.3833962, 10.5426637 ], [ 92.5304704, 10.5204683 ], [ 92.5685522, 10.5784229 ], [ 92.5514811, 10.6400768 ], [ 92.5974418, 10.7041968 ], [ 92.55936, 10.8632637 ], [ 92.5212783, 10.8977899 ] ] ], [ [ [ 92.639463, 11.5106291 ], [ 92.5869365, 11.4008853 ], [ 92.5987549, 11.3466299 ], [ 92.6841105, 11.3663591 ], [ 92.6841105, 11.4366445 ], [ 92.639463, 11.5106291 ] ] ], [ [ [ 92.2139981, 11.5944784 ], [ 92.2113718, 11.5303584 ], [ 92.2586457, 11.5180276 ], [ 92.2678378, 11.5858468 ], [ 92.2139981, 11.5944784 ] ] ], [ [ [ 92.9664406, 12.0408523 ], [ 92.9283589, 12.0063261 ], [ 93.0531094, 11.9039807 ], [ 92.9940171, 12.0383861 ], [ 92.9664406, 12.0408523 ] ] ], [ [ [ 93.025533, 12.1456638 ], [ 93.0058355, 12.0803107 ], [ 93.0504831, 12.0556492 ], [ 93.025533, 12.1456638 ] ] ], [ [ [ 92.695929, 12.2393777 ], [ 92.6604736, 12.2147161 ], [ 92.6223919, 12.101273 ], [ 92.6145129, 11.8312292 ], [ 92.5803706, 11.9015146 ], [ 92.5488547, 11.8583569 ], [ 92.5514811, 11.7202522 ], [ 92.5921891, 11.7350492 ], [ 92.6066339, 11.5944784 ], [ 92.6460288, 11.5217268 ], [ 92.7103738, 11.4785691 ], [ 92.7550214, 11.6647638 ], [ 92.6736052, 11.6240722 ], [ 92.6644131, 11.6610645 ], [ 92.7537082, 11.7017561 ], [ 92.7825978, 11.9360407 ], [ 92.7418897, 11.9261761 ], [ 92.7313844, 11.8534246 ], [ 92.6919895, 11.9015146 ], [ 92.7379502, 11.9976946 ], [ 92.7340107, 12.1037392 ], [ 92.7563345, 12.1764907 ], [ 92.6972422, 12.1616938 ], [ 92.695929, 12.2393777 ] ] ], [ [ [ 93.0714937, 12.2110169 ], [ 93.0360383, 12.1321 ], [ 93.0688674, 12.0864761 ], [ 93.0714937, 12.2110169 ] ] ], [ [ [ 92.8101742, 12.3133623 ], [ 92.7707793, 12.3133623 ], [ 92.7694662, 12.1838892 ], [ 92.7379502, 12.0988069 ], [ 92.7629003, 12.0642807 ], [ 92.8180532, 12.1148369 ], [ 92.8718929, 12.3022646 ], [ 92.8285585, 12.2997984 ], [ 92.8101742, 12.3133623 ] ] ], [ [ [ 92.9007825, 12.9114047 ], [ 92.8732061, 12.8818108 ], [ 92.7891636, 12.8892093 ], [ 92.7799715, 12.8238562 ], [ 92.719566, 12.7905631 ], [ 92.752395, 12.6721877 ], [ 92.7024948, 12.6019023 ], [ 92.6998685, 12.3281592 ], [ 92.719566, 12.2997984 ], [ 92.7707793, 12.3182946 ], [ 92.8088611, 12.3158285 ], [ 92.8311848, 12.3034977 ], [ 92.8600744, 12.3195277 ], [ 92.8823982, 12.3577531 ], [ 92.8298717, 12.4280385 ], [ 92.9139141, 12.4070762 ], [ 92.9730065, 12.5427146 ], [ 92.9703801, 12.7128793 ], [ 92.9401774, 12.8546831 ], [ 92.9007825, 12.9114047 ] ] ], [ [ [ 92.6946159, 12.9915547 ], [ 92.647342, 12.8620816 ], [ 92.6670394, 12.7831646 ], [ 92.7208791, 12.8892093 ], [ 92.6946159, 12.9915547 ] ] ], [ [ [ 93.0294725, 13.5686347 ], [ 92.9152273, 13.5328755 ], [ 92.8705797, 13.4724547 ], [ 92.8088611, 13.1530878 ], [ 92.7917899, 13.012517 ], [ 92.8009821, 12.900307 ], [ 92.8718929, 12.884277 ], [ 92.9139141, 13.0495093 ], [ 92.9598748, 13.0162162 ], [ 93.033412, 13.0815693 ], [ 93.0439173, 13.2591324 ], [ 92.9821986, 13.2985908 ], [ 93.0570489, 13.397237 ], [ 93.0281593, 13.4280639 ], [ 93.0294725, 13.5686347 ] ] ] ] } },
{ "type": "Feature", "properties": { "id": "22", "STNAME": "BIHAR", "STCODE11": "10", "STNAME_SH": "Bihar", "Shape_Le_1": 3102533.9264477799, "Shape_Area": 116476530001.338, "OBJECTID_1": 22, "OBJECTID": 22, "State_LGD": 10, "Shape_Leng": 3102533.9264500001, "MaxSimpTol": 300, "MinSimpTol": 300 }, "geometry": { "type": "Polygon", "coordinates": [ [ [ 88.1051103, 26.5504697 ], [ 88.0998576, 26.4555228 ], [ 87.9961177, 26.3655082 ], [ 87.8884383, 26.4863497 ], [ 87.8477303, 26.4370266 ], [ 87.7925774, 26.4690866 ], [ 87.7663142, 26.411132 ], [ 87.6770191, 26.4357936 ], [ 87.587724, 26.3815382 ], [ 87.4629734, 26.4407259 ], [ 87.3881231, 26.4185305 ], [ 87.3395361, 26.3482451 ], [ 87.2357962, 26.4148313 ], [ 87.1622591, 26.4049666 ], [ 87.0913482, 26.4505905 ], [ 87.0703376, 26.586229 ], [ 87.0164979, 26.5319736 ], [ 86.9337687, 26.5159436 ], [ 86.8339682, 26.4394928 ], [ 86.7669969, 26.459222 ], [ 86.7302283, 26.4222297 ], [ 86.5700224, 26.4962143 ], [ 86.542446, 26.538139 ], [ 86.3402189, 26.6059582 ], [ 86.1419312, 26.6047251 ], [ 86.0697072, 26.6577474 ], [ 85.9541489, 26.6466497 ], [ 85.8582879, 26.5689659 ], [ 85.850409, 26.6084243 ], [ 85.7322243, 26.6540482 ], [ 85.7348506, 26.7958521 ], [ 85.6245449, 26.8735359 ], [ 85.4538337, 26.7822882 ], [ 85.3343358, 26.7415967 ], [ 85.1977668, 26.7699574 ], [ 85.191201, 26.8698367 ], [ 85.0231161, 26.8550398 ], [ 85.0611979, 26.8870998 ], [ 84.9692764, 26.9154605 ], [ 84.9627106, 26.9610844 ], [ 84.7933125, 26.9956105 ], [ 84.6436119, 27.0461667 ], [ 84.6738147, 27.0954898 ], [ 84.6895727, 27.2212636 ], [ 84.619975, 27.339639 ], [ 84.2798657, 27.3951275 ], [ 84.2588551, 27.450616 ], [ 84.097336, 27.5172021 ], [ 84.0461227, 27.4456837 ], [ 83.8307639, 27.4271875 ], [ 83.863593, 27.3445713 ], [ 83.9345038, 27.3001806 ], [ 83.91218, 27.2459252 ], [ 83.9870303, 27.1978352 ], [ 83.9476354, 27.1127529 ], [ 84.0500621, 27.0437005 ], [ 84.0316779, 26.9413551 ], [ 84.0815781, 26.8772351 ], [ 84.1472362, 26.8858667 ], [ 84.1813785, 26.8340774 ], [ 84.2194602, 26.8710698 ], [ 84.2601683, 26.8044836 ], [ 84.2325918, 26.7539274 ], [ 84.306129, 26.7502282 ], [ 84.3297659, 26.683642 ], [ 84.411182, 26.6700782 ], [ 84.4203742, 26.6269205 ], [ 84.2811789, 26.5997928 ], [ 84.0868307, 26.6392513 ], [ 84.0474358, 26.5356728 ], [ 83.9148063, 26.5023797 ], [ 83.9082405, 26.4468913 ], [ 84.0224857, 26.4308613 ], [ 84.0684464, 26.3889366 ], [ 84.177439, 26.3704405 ], [ 84.177439, 26.2656289 ], [ 84.0868307, 26.218772 ], [ 84.0185462, 26.2385012 ], [ 84.056628, 26.1003966 ], [ 84.089457, 26.1003966 ], [ 84.2063286, 25.9992843 ], [ 84.3113816, 25.9437958 ], [ 84.3534029, 25.9585928 ], [ 84.42694, 25.8907735 ], [ 84.5346194, 25.8759766 ], [ 84.6252277, 25.7921274 ], [ 84.627854, 25.7267743 ], [ 84.5608827, 25.7366389 ], [ 84.5569432, 25.6799173 ], [ 84.3363317, 25.7440373 ], [ 84.3245133, 25.6700527 ], [ 84.2063286, 25.6700527 ], [ 84.1551152, 25.7292404 ], [ 84.089457, 25.7132104 ], [ 84.0815781, 25.6367596 ], [ 84.0172331, 25.6145643 ], [ 83.8767246, 25.5183842 ], [ 83.7900558, 25.3963096 ], [ 83.7020739, 25.3963096 ], [ 83.6482342, 25.3395881 ], [ 83.4932809, 25.2877988 ], [ 83.3567119, 25.2002504 ], [ 83.3199434, 25.017755 ], [ 83.3501461, 25.0091234 ], [ 83.39742, 24.778538 ], [ 83.5208574, 24.6774257 ], [ 83.5431811, 24.6281026 ], [ 83.5037862, 24.5257572 ], [ 83.719145, 24.5035619 ], [ 83.9371301, 24.5491857 ], [ 83.9975356, 24.6379672 ], [ 84.0526885, 24.6108396 ], [ 84.1078413, 24.4776672 ], [ 84.1721863, 24.5454865 ], [ 84.2969368, 24.5602834 ], [ 84.3271396, 24.4875318 ], [ 84.2916842, 24.4665695 ], [ 84.3415844, 24.393818 ], [ 84.3875451, 24.3888857 ], [ 84.5017903, 24.2877734 ], [ 84.5832064, 24.4123142 ], [ 84.6646225, 24.3913518 ], [ 84.6869463, 24.4567049 ], [ 84.8025047, 24.5306895 ], [ 84.8405864, 24.4517726 ], [ 84.8878603, 24.4628703 ], [ 84.9088709, 24.3839534 ], [ 84.9745291, 24.3740888 ], [ 85.0795821, 24.4332765 ], [ 85.0887743, 24.3728557 ], [ 85.1741299, 24.4209457 ], [ 85.2883751, 24.5232911 ], [ 85.5418156, 24.5319226 ], [ 85.5798973, 24.6009749 ], [ 85.6770714, 24.5911103 ], [ 85.649495, 24.6848242 ], [ 85.7072742, 24.7242826 ], [ 85.7361638, 24.8204626 ], [ 85.8543485, 24.8081319 ], [ 85.9699068, 24.7329142 ], [ 86.0552624, 24.7797711 ], [ 86.1287996, 24.698388 ], [ 86.1156679, 24.6441326 ], [ 86.1668813, 24.5837119 ], [ 86.3231477, 24.5874111 ], [ 86.2758739, 24.4665695 ], [ 86.349411, 24.4468403 ], [ 86.4452719, 24.3679234 ], [ 86.5280012, 24.5442534 ], [ 86.6028515, 24.6083734 ], [ 86.6698228, 24.5664488 ], [ 86.8050787, 24.5997419 ], [ 86.8812421, 24.5738472 ], [ 86.9403345, 24.6527642 ], [ 87.0506402, 24.6083734 ], [ 87.0808429, 24.7292149 ], [ 87.0742771, 24.8081319 ], [ 87.1570064, 24.8808834 ], [ 87.1451879, 25.0189881 ], [ 87.250241, 25.1053034 ], [ 87.2962017, 25.0880404 ], [ 87.3277176, 25.2236788 ], [ 87.4774182, 25.194085 ], [ 87.4879235, 25.2976635 ], [ 87.5522685, 25.3321896 ], [ 87.6914639, 25.3112273 ], [ 87.7111613, 25.258205 ], [ 87.7623747, 25.2656035 ], [ 87.8188407, 25.242175 ], [ 87.8529829, 25.290265 ], [ 87.765001, 25.3839789 ], [ 87.9265201, 25.5393466 ], [ 88.0735944, 25.4838581 ], [ 88.0210678, 25.5960681 ], [ 88.0499574, 25.7021127 ], [ 87.9041963, 25.7723981 ], [ 87.9160148, 25.8537812 ], [ 87.8306592, 25.8710443 ], [ 87.8542961, 26.010382 ], [ 87.9646018, 26.0954643 ], [ 88.0341995, 26.1793135 ], [ 88.0735944, 26.1756143 ], [ 88.1458183, 26.2495989 ], [ 88.2784478, 26.3248166 ], [ 88.2626899, 26.4222297 ], [ 88.1051103, 26.5504697 ] ] ] } },
{ "type": "Feature", "properties": { "id": "23", "STNAME": "GUJARAT", "STCODE11": "24", "STNAME_SH": "Gujarat", "Shape_Le_1": 5513939.8654982597, "Shape_Area": 218637679319.51999, "OBJECTID_1": 23, "OBJECTID": 23, "State_LGD": 24, "Shape_Leng": 5513939.8655000003, "MaxSimpTol": 300, "MinSimpTol": 300 }, "geometry": { "type": "MultiPolygon", "coordinates": [ [ [ [ 72.361596, 22.0287762 ], [ 72.2919984, 21.9671224 ], [ 72.3222011, 21.8179201 ], [ 72.3891724, 21.8179201 ], [ 72.4377595, 21.9276639 ], [ 72.43382, 21.9954832 ], [ 72.361596, 22.0287762 ] ] ], [ [ [ 74.3247751, 23.0608617 ], [ 74.2472985, 23.1841694 ], [ 74.1816403, 23.1508763 ], [ 74.1278006, 23.1755379 ], [ 74.1383059, 23.2655525 ], [ 74.0385055, 23.2939133 ], [ 73.962342, 23.3802287 ], [ 73.8914312, 23.3346048 ], [ 73.8283994, 23.4480479 ], [ 73.72072, 23.4098225 ], [ 73.697083, 23.4566794 ], [ 73.6274854, 23.4480479 ], [ 73.656375, 23.6206787 ], [ 73.5723325, 23.6539718 ], [ 73.5237455, 23.6071148 ], [ 73.4738453, 23.705761 ], [ 73.3543474, 23.8524972 ], [ 73.4200056, 23.9252487 ], [ 73.4042476, 24.041158 ], [ 73.326771, 24.1102103 ], [ 73.3162657, 24.0534887 ], [ 73.2427286, 24.0029326 ], [ 73.0667647, 24.1940595 ], [ 73.1521203, 24.3543595 ], [ 73.0759568, 24.3962841 ], [ 73.0877753, 24.4973965 ], [ 72.9682774, 24.4505395 ], [ 72.9748433, 24.3691565 ], [ 72.9104983, 24.3370965 ], [ 72.8500927, 24.3716226 ], [ 72.7240291, 24.3679234 ], [ 72.683321, 24.4641034 ], [ 72.5756416, 24.4789003 ], [ 72.5388731, 24.5195919 ], [ 72.4574569, 24.4147803 ], [ 72.441699, 24.5146595 ], [ 72.3799803, 24.5121934 ], [ 72.353717, 24.5639826 ], [ 72.289372, 24.5479526 ], [ 72.2460377, 24.5849449 ], [ 72.3366459, 24.5985088 ], [ 72.2302797, 24.6404334 ], [ 72.1646215, 24.6207042 ], [ 72.0897712, 24.6589296 ], [ 72.0845186, 24.7070196 ], [ 71.983405, 24.6860573 ], [ 71.9256258, 24.6355011 ], [ 71.8573413, 24.666328 ], [ 71.8520887, 24.6096065 ], [ 71.7719857, 24.6761926 ], [ 71.6551142, 24.6392003 ], [ 71.6078403, 24.6774257 ], [ 71.4791503, 24.6798919 ], [ 71.3780367, 24.6256365 ], [ 71.347834, 24.6613957 ], [ 71.2874285, 24.6157719 ], [ 71.1114646, 24.6761926 ], [ 71.0077247, 24.6355011 ], [ 70.9867141, 24.5948096 ], [ 70.9985326, 24.4443742 ], [ 71.1035856, 24.4357426 ], [ 71.1219699, 24.4061488 ], [ 71.0484328, 24.3555926 ], [ 70.9854009, 24.3654572 ], [ 70.8790347, 24.3013372 ], [ 70.9092375, 24.2631118 ], [ 70.8054976, 24.2211872 ], [ 70.6676154, 24.2187211 ], [ 70.5717545, 24.2507811 ], [ 70.5730677, 24.4221788 ], [ 70.109521, 24.2951718 ], [ 70.0254786, 24.1706311 ], [ 69.73133, 24.1706311 ], [ 69.5934479, 24.2927057 ], [ 69.4910211, 24.2668111 ], [ 69.3124309, 24.281608 ], [ 69.1942462, 24.2359841 ], [ 69.0944458, 24.2742095 ], [ 69.0038376, 24.2236534 ], [ 68.9460584, 24.3025703 ], [ 68.8567633, 24.2137887 ], [ 68.8305, 24.3124349 ], [ 68.7648419, 24.2964049 ], [ 68.7530234, 23.9708726 ], [ 68.339377, 23.9659403 ], [ 68.2080606, 23.8746926 ], [ 68.1726052, 23.6958964 ], [ 68.0938154, 23.6663025 ], [ 68.1187655, 23.6157464 ], [ 68.3104874, 23.5787541 ], [ 68.3262453, 23.4961379 ], [ 68.4155404, 23.4862733 ], [ 68.3997825, 23.4196871 ], [ 68.4496827, 23.4369502 ], [ 68.4588748, 23.3666648 ], [ 68.5560489, 23.3568002 ], [ 68.532412, 23.2803494 ], [ 68.6282729, 23.2544548 ], [ 68.5836253, 23.2236279 ], [ 68.661102, 23.1484102 ], [ 69.1955594, 22.8376748 ], [ 69.4319288, 22.8031486 ], [ 69.7129457, 22.8056148 ], [ 69.9269913, 22.8956294 ], [ 70.0648735, 22.9190579 ], [ 70.2408374, 23.1681394 ], [ 70.3117482, 23.2149964 ], [ 70.4076091, 23.2174625 ], [ 70.5047832, 23.176771 ], [ 70.6360995, 23.1854025 ], [ 70.712263, 23.2137633 ], [ 70.688626, 23.1175833 ], [ 70.5717545, 23.0374333 ], [ 70.5415517, 22.9597494 ], [ 70.4325592, 22.9671479 ], [ 70.4824594, 22.9350879 ], [ 70.4693278, 22.8672686 ], [ 70.4102354, 22.825344 ], [ 70.4259934, 22.9042609 ], [ 70.3760932, 22.9079602 ], [ 70.2920507, 22.7661563 ], [ 70.2185136, 22.7180663 ], [ 70.181745, 22.5935255 ], [ 70.125279, 22.552834 ], [ 69.9466888, 22.5281724 ], [ 69.8639595, 22.4628194 ], [ 69.7300169, 22.4837817 ], [ 69.7024404, 22.3986994 ], [ 69.6170848, 22.345677 ], [ 69.5409213, 22.376504 ], [ 69.4910211, 22.3370455 ], [ 69.3400074, 22.312384 ], [ 69.1903068, 22.2347001 ], [ 69.1561645, 22.1952416 ], [ 69.167983, 22.3728047 ], [ 69.1942462, 22.4221278 ], [ 69.0340403, 22.393767 ], [ 69.0839405, 22.4739171 ], [ 69.0077771, 22.440624 ], [ 68.9368662, 22.3049855 ], [ 68.9657558, 22.2347001 ], [ 69.0550509, 22.1286555 ], [ 69.2822282, 21.8956039 ], [ 69.60264, 21.6366577 ], [ 69.7076931, 21.5343124 ], [ 70.0018416, 21.2050808 ], [ 70.2565953, 20.9732623 ], [ 70.447004, 20.8487215 ], [ 70.5861993, 20.7821354 ], [ 70.8094371, 20.7007523 ], [ 70.9197428, 20.7426769 ], [ 71.0077247, 20.7377446 ], [ 71.0799487, 20.7377446 ], [ 71.3202576, 20.8474884 ], [ 71.4371291, 20.8684508 ], [ 71.5119794, 20.9449015 ], [ 71.6341036, 20.9744954 ], [ 71.8941099, 21.1089008 ], [ 71.9742129, 21.1224646 ], [ 72.112095, 21.1989154 ], [ 72.1081555, 21.3024939 ], [ 72.2105822, 21.4208693 ], [ 72.3090695, 21.6391239 ], [ 72.2355323, 21.6970785 ], [ 72.1777532, 21.8031231 ], [ 72.2420982, 21.8302508 ], [ 72.2066428, 21.9510924 ], [ 72.3235143, 22.1434524 ], [ 72.3734145, 22.3160832 ], [ 72.418062, 22.3012863 ], [ 72.4272542, 22.2100386 ], [ 72.5152361, 22.3210155 ], [ 72.6872605, 22.2716924 ], [ 72.755545, 22.232234 ], [ 72.8422138, 22.281557 ], [ 72.9104983, 22.2667601 ], [ 72.8750428, 22.2211363 ], [ 72.8093847, 22.2236024 ], [ 72.7581713, 22.1742793 ], [ 72.6478656, 22.216204 ], [ 72.5611968, 22.1730463 ], [ 72.5231151, 22.041107 ], [ 72.5152361, 21.8857393 ], [ 72.5835206, 21.8906716 ], [ 72.6373603, 21.960957 ], [ 72.5966522, 21.7501008 ], [ 72.5428125, 21.7340708 ], [ 72.5533179, 21.6613193 ], [ 72.7279686, 21.6859808 ], [ 72.8067584, 21.6576201 ], [ 72.7003921, 21.6452893 ], [ 72.6124102, 21.5848685 ], [ 72.6360471, 21.5355454 ], [ 72.7056448, 21.5269139 ], [ 72.6491788, 21.3727793 ], [ 72.6005917, 21.3234562 ], [ 72.6452393, 21.22481 ], [ 72.6307945, 21.0817731 ], [ 72.7017053, 21.0953369 ], [ 72.7568582, 20.9325708 ], [ 72.7857477, 20.9165408 ], [ 72.899993, 20.5823769 ], [ 72.8553454, 20.4677007 ], [ 72.8881745, 20.4603023 ], [ 72.8776692, 20.3690546 ], [ 72.8212032, 20.3678215 ], [ 72.739787, 20.2432807 ], [ 72.7371607, 20.1347699 ], [ 72.7936267, 20.1224392 ], [ 72.8592849, 20.2247845 ], [ 72.9617116, 20.2087545 ], [ 72.9118114, 20.2691753 ], [ 73.0352488, 20.2913707 ], [ 73.0969674, 20.360423 ], [ 73.1009069, 20.3024684 ], [ 73.1665651, 20.3098669 ], [ 73.0496936, 20.200123 ], [ 73.1153517, 20.152033 ], [ 73.1376755, 20.2075215 ], [ 73.2177785, 20.1853261 ], [ 73.2112126, 20.119973 ], [ 73.278184, 20.1483338 ], [ 73.2991946, 20.2099876 ], [ 73.4160661, 20.1976568 ], [ 73.4278846, 20.280273 ], [ 73.4042476, 20.3863176 ], [ 73.4672795, 20.4960615 ], [ 73.4738453, 20.584843 ], [ 73.3950555, 20.6526623 ], [ 73.4751585, 20.7204815 ], [ 73.6695066, 20.5626477 ], [ 73.7601149, 20.5737453 ], [ 73.8389047, 20.6206023 ], [ 73.8310257, 20.6748577 ], [ 73.9176945, 20.7254138 ], [ 73.9413314, 20.84009 ], [ 73.8691074, 20.9855931 ], [ 73.7325385, 21.0990362 ], [ 73.6182933, 21.1187654 ], [ 73.5775852, 21.1705546 ], [ 73.599909, 21.1816523 ], [ 73.6432434, 21.1397277 ], [ 73.8152677, 21.1742539 ], [ 73.8231467, 21.2704339 ], [ 73.9413314, 21.2987946 ], [ 73.9439577, 21.399907 ], [ 74.0450713, 21.4196362 ], [ 74.0608293, 21.4615608 ], [ 74.2092167, 21.4615608 ], [ 74.3208356, 21.4985531 ], [ 74.3300277, 21.5528085 ], [ 74.1987114, 21.5318462 ], [ 74.1763876, 21.5688385 ], [ 73.9951711, 21.5380116 ], [ 73.9964843, 21.5392447 ], [ 73.8467837, 21.5084177 ], [ 73.7876913, 21.6341916 ], [ 73.8874917, 21.6526877 ], [ 73.8835522, 21.7131085 ], [ 73.8244599, 21.7611985 ], [ 73.8165809, 21.8413485 ], [ 73.8730469, 21.8413485 ], [ 74.050324, 21.9264309 ], [ 74.1461849, 21.9523255 ], [ 74.0923452, 22.0152124 ], [ 74.179014, 22.0854978 ], [ 74.1291138, 22.0941293 ], [ 74.10679, 22.2199032 ], [ 74.0529503, 22.2938878 ], [ 74.0962847, 22.3703386 ], [ 74.1908324, 22.3197824 ], [ 74.2669959, 22.4060978 ], [ 74.2026509, 22.4677517 ], [ 74.1054768, 22.4295263 ], [ 74.0752741, 22.5516009 ], [ 74.1330532, 22.5195409 ], [ 74.2105299, 22.5639317 ], [ 74.2775012, 22.6465478 ], [ 74.3786148, 22.6342171 ], [ 74.4022517, 22.7316302 ], [ 74.4652836, 22.8167125 ], [ 74.4600309, 22.9079602 ], [ 74.3930596, 22.8968625 ], [ 74.3247751, 23.0608617 ] ] ] ] } },
{ "type": "Feature", "properties": { "id": "24", "STNAME": "KERALA", "STCODE11": "32", "STNAME_SH": "Kerala", "Shape_Le_1": 1810253.2340713199, "Shape_Area": 40407361012.734001, "OBJECTID_1": 24, "OBJECTID": 24, "State_LGD": 32, "Shape_Leng": 1810253.23407, "MaxSimpTol": 300, "MinSimpTol": 300 }, "geometry": { "type": "Polygon", "coordinates": [ [ [ 76.4310889, 11.6659969 ], [ 76.4140178, 11.7597107 ], [ 76.3391675, 11.7387484 ], [ 76.2800752, 11.812733 ], [ 76.2459329, 11.8028684 ], [ 76.1907801, 11.8706876 ], [ 76.1133034, 11.8583569 ], [ 76.1119903, 11.9791984 ], [ 76.0029977, 11.9311084 ], [ 75.8703682, 11.9520707 ], [ 75.8296602, 11.9841307 ], [ 75.8020837, 12.0790777 ], [ 75.7141018, 12.0704461 ], [ 75.6195541, 12.1555284 ], [ 75.5328853, 12.1999192 ], [ 75.5053088, 12.2702046 ], [ 75.4317717, 12.3096631 ], [ 75.4212664, 12.37255 ], [ 75.3595477, 12.4650308 ], [ 75.2807579, 12.5242185 ], [ 75.2755053, 12.6203985 ], [ 75.2203524, 12.5686092 ], [ 75.1599469, 12.6721877 ], [ 75.0470149, 12.6672554 ], [ 75.0509544, 12.7190446 ], [ 74.9826699, 12.7387739 ], [ 74.9984278, 12.7856308 ], [ 74.8697378, 12.7609693 ], [ 74.9577198, 12.5402485 ], [ 75.0417622, 12.38858 ], [ 75.2019681, 12.0063261 ], [ 75.2505552, 12.0100253 ], [ 75.3674267, 11.8521915 ], [ 75.385811, 11.8558907 ], [ 75.530259, 11.7042222 ], [ 75.5368248, 11.6943576 ], [ 75.6339988, 11.4625391 ], [ 75.6812727, 11.4514415 ], [ 75.7482441, 11.3182691 ], [ 75.8335997, 11.1049468 ], [ 75.9150158, 10.7794145 ], [ 76.1001718, 10.3811306 ], [ 76.2603777, 9.8817344 ], [ 76.3076516, 9.5414051 ], [ 76.3404807, 9.4094659 ], [ 76.5164446, 9.0173474 ], [ 76.5427078, 8.9137689 ], [ 76.6333161, 8.834852 ], [ 76.6989742, 8.738672 ], [ 76.9970623, 8.3749143 ], [ 77.0981759, 8.2922981 ], [ 77.1690867, 8.3329896 ], [ 77.2006026, 8.5006881 ], [ 77.2833319, 8.546312 ], [ 77.1703999, 8.7423712 ], [ 77.2636344, 8.8422504 ], [ 77.1927236, 8.9260997 ], [ 77.1467629, 9.0210466 ], [ 77.1966631, 9.0469412 ], [ 77.2675739, 9.1529859 ], [ 77.2833319, 9.3009551 ], [ 77.3253531, 9.3367143 ], [ 77.3660612, 9.460022 ], [ 77.4120219, 9.5093451 ], [ 77.3292926, 9.5993597 ], [ 77.2702003, 9.5734651 ], [ 77.1664604, 9.6129236 ], [ 77.2242395, 9.7300659 ], [ 77.2124211, 9.8768021 ], [ 77.2728266, 9.9643505 ], [ 77.2636344, 10.0297036 ], [ 77.2045421, 10.0888913 ], [ 77.2675739, 10.1221844 ], [ 77.2951504, 10.2183644 ], [ 77.1756525, 10.3589352 ], [ 77.0443362, 10.2837175 ], [ 76.9839307, 10.2195975 ], [ 76.9025146, 10.2393267 ], [ 76.8302906, 10.3034467 ], [ 76.8486749, 10.3675667 ], [ 76.8158458, 10.4230552 ], [ 76.8381696, 10.5969191 ], [ 76.8828171, 10.6388437 ], [ 76.8670591, 10.6943322 ], [ 76.9012014, 10.8077752 ], [ 76.8289774, 10.8731283 ], [ 76.6595793, 10.9310829 ], [ 76.7462481, 11.0568568 ], [ 76.7475613, 11.1357737 ], [ 76.6950348, 11.1666007 ], [ 76.7055401, 11.2405853 ], [ 76.6293766, 11.1937284 ], [ 76.4586654, 11.187563 ], [ 76.4534127, 11.2393522 ], [ 76.5453341, 11.3010061 ], [ 76.5479605, 11.3589607 ], [ 76.4599785, 11.3885545 ], [ 76.3417938, 11.4674715 ], [ 76.2472461, 11.4674715 ], [ 76.2341145, 11.5710499 ], [ 76.3023989, 11.5710499 ], [ 76.4324021, 11.6314707 ], [ 76.4310889, 11.6659969 ] ] ] } },
{ "type": "Feature", "properties": { "id": "25", "STNAME": "LAKSHADWEEP", "STCODE11": "31", "STNAME_SH": "Lakshadweep", "Shape_Le_1": 138029.08074259001, "Shape_Area": 28091119.875999998, "OBJECTID_1": 25, "OBJECTID": 25, "State_LGD": 31, "Shape_Leng": 138029.080743, "MaxSimpTol": 300, "MinSimpTol": 300 }, "geometry": { "type": "MultiPolygon", "coordinates": [ ] } },
{ "type": "Feature", "properties": { "id": "26", "STNAME": "MADHYA PRADESH", "STCODE11": "23", "STNAME_SH": "Madhya Pradesh", "Shape_Le_1": 7656000.8856729297, "Shape_Area": 368608101612.64801, "OBJECTID_1": 26, "OBJECTID": 26, "State_LGD": 23, "Shape_Leng": 7656000.8856699998, "MaxSimpTol": 300, "MinSimpTol": 300 }, "geometry": { "type": "Polygon", "coordinates": [ [ [ 82.810436, 23.9634741 ], [ 82.7513437, 24.0127972 ], [ 82.7736675, 24.0756841 ], [ 82.713262, 24.074451 ], [ 82.6646749, 24.1287064 ], [ 82.7277067, 24.1348718 ], [ 82.7592227, 24.2372172 ], [ 82.7644753, 24.3765549 ], [ 82.713262, 24.3802541 ], [ 82.7434647, 24.4961634 ], [ 82.8012439, 24.5800126 ], [ 82.7736675, 24.6416665 ], [ 82.7066961, 24.6355011 ], [ 82.6712407, 24.6971549 ], [ 82.5386112, 24.6478319 ], [ 82.5241664, 24.6761926 ], [ 82.4059818, 24.6811249 ], [ 82.4164871, 24.5911103 ], [ 82.295676, 24.6083734 ], [ 82.303555, 24.6539972 ], [ 82.2300179, 24.6811249 ], [ 82.2168862, 24.794568 ], [ 82.1157727, 24.7847034 ], [ 82.0172854, 24.8463573 ], [ 81.9437483, 24.841425 ], [ 81.9030402, 24.8919811 ], [ 81.9069797, 25.0066573 ], [ 81.804553, 25.001725 ], [ 81.6666708, 25.0757096 ], [ 81.5996995, 25.0744765 ], [ 81.6154575, 25.1694234 ], [ 81.5143439, 25.1842204 ], [ 81.490707, 25.0720104 ], [ 81.4079777, 25.1053034 ], [ 81.4381804, 25.1311981 ], [ 81.2753482, 25.1632581 ], [ 81.2635297, 25.0535142 ], [ 81.1676688, 24.954868 ], [ 81.1400924, 24.8870488 ], [ 81.0849395, 24.9499357 ], [ 80.9575627, 24.9178757 ], [ 80.9470574, 24.9659657 ], [ 80.8354385, 24.9191088 ], [ 80.7921041, 24.9647327 ], [ 80.8525096, 24.9881611 ], [ 80.8682676, 25.1164011 ], [ 80.9129151, 25.1595588 ], [ 80.8446306, 25.1866865 ], [ 80.8433175, 25.1127019 ], [ 80.7973568, 25.1361304 ], [ 80.7251328, 25.0917396 ], [ 80.7881646, 25.0621457 ], [ 80.5925033, 25.1028373 ], [ 80.5005819, 25.0411834 ], [ 80.5491689, 25.002958 ], [ 80.4782581, 24.9733642 ], [ 80.4336105, 25.0239204 ], [ 80.4493685, 25.0781757 ], [ 80.3311838, 24.9918604 ], [ 80.2734046, 25.0263865 ], [ 80.3311838, 25.0473488 ], [ 80.3548207, 25.1385965 ], [ 80.4322974, 25.178055 ], [ 80.4034078, 25.2446411 ], [ 80.3114864, 25.2865658 ], [ 80.3154259, 25.3889112 ], [ 80.2642125, 25.4246704 ], [ 80.195928, 25.402475 ], [ 80.131583, 25.3346558 ], [ 80.0330958, 25.3420542 ], [ 80.0042062, 25.2668365 ], [ 79.8781425, 25.2508065 ], [ 79.8453134, 25.0942057 ], [ 79.7481393, 25.1398296 ], [ 79.5997519, 25.1274988 ], [ 79.560357, 25.1706565 ], [ 79.5249016, 25.097905 ], [ 79.4776277, 25.1274988 ], [ 79.4054037, 25.1065365 ], [ 79.3843931, 25.1422958 ], [ 79.4618697, 25.2643704 ], [ 79.4093432, 25.2557388 ], [ 79.351564, 25.3297235 ], [ 79.3003507, 25.338355 ], [ 79.2648952, 25.2693027 ], [ 79.3502509, 25.2643704 ], [ 79.3384324, 25.1977842 ], [ 79.27934, 25.2446411 ], [ 79.3226744, 25.1496942 ], [ 79.2832795, 25.1176342 ], [ 79.1243868, 25.1114688 ], [ 79.0639813, 25.2224458 ], [ 78.9943836, 25.2730019 ], [ 78.8801384, 25.1570927 ], [ 78.8696331, 25.226145 ], [ 78.9549887, 25.2619042 ], [ 78.9602414, 25.3445204 ], [ 78.8814516, 25.3432873 ], [ 78.8420567, 25.2273781 ], [ 78.8092276, 25.2705358 ], [ 78.8459962, 25.3556181 ], [ 78.9392308, 25.3469865 ], [ 78.9759993, 25.4197381 ], [ 78.909028, 25.4419335 ], [ 78.9392308, 25.5578427 ], [ 78.8420567, 25.5122189 ], [ 78.8551883, 25.4480989 ], [ 78.7330641, 25.4838581 ], [ 78.7750854, 25.3531519 ], [ 78.659527, 25.3839789 ], [ 78.7120535, 25.4283696 ], [ 78.6017478, 25.4086404 ], [ 78.5846767, 25.3469865 ], [ 78.5032606, 25.2890319 ], [ 78.5623529, 25.2212127 ], [ 78.6017478, 25.0954388 ], [ 78.6529612, 25.0510481 ], [ 78.6332637, 24.9671988 ], [ 78.6765981, 24.8981465 ], [ 78.7698327, 24.858688 ], [ 78.7816512, 24.7057865 ], [ 78.7435694, 24.6539972 ], [ 78.7842775, 24.5886442 ], [ 78.8827647, 24.6416665 ], [ 78.9536756, 24.5467195 ], [ 78.9142807, 24.4591711 ], [ 78.9930705, 24.4221788 ], [ 78.9707467, 24.3481941 ], [ 78.909028, 24.297638 ], [ 78.8880174, 24.2273526 ], [ 78.7895301, 24.1767964 ], [ 78.7685195, 24.2520141 ], [ 78.6687191, 24.2396834 ], [ 78.5846767, 24.345728 ], [ 78.5019474, 24.3901188 ], [ 78.3890154, 24.2631118 ], [ 78.3286098, 24.3272318 ], [ 78.3653784, 24.3864195 ], [ 78.2695175, 24.4468403 ], [ 78.2288094, 24.538088 ], [ 78.2642648, 24.5516519 ], [ 78.2773965, 24.6626288 ], [ 78.1736566, 24.8784173 ], [ 78.3338625, 24.9943265 ], [ 78.3391152, 25.0868073 ], [ 78.458613, 25.1632581 ], [ 78.3916417, 25.2014835 ], [ 78.337802, 25.3297235 ], [ 78.3010334, 25.3593173 ], [ 78.3548731, 25.4517981 ], [ 78.4310366, 25.4739935 ], [ 78.4284103, 25.5504443 ], [ 78.4940684, 25.578805 ], [ 78.587303, 25.5566096 ], [ 78.8118539, 25.6207296 ], [ 78.8171066, 25.6762181 ], [ 78.7632669, 25.7193758 ], [ 78.8184197, 25.8291197 ], [ 78.8499357, 25.8106235 ], [ 78.8827647, 25.9092697 ], [ 78.9366044, 25.9524274 ], [ 78.9484229, 26.0276451 ], [ 79.0127679, 26.0831335 ], [ 78.9523624, 26.1349228 ], [ 79.1348921, 26.3248166 ], [ 79.0889314, 26.3544105 ], [ 79.1348921, 26.4394928 ], [ 79.0718602, 26.4789513 ], [ 78.989131, 26.5960936 ], [ 79.0088284, 26.6639128 ], [ 78.8722594, 26.698439 ], [ 78.8157934, 26.762559 ], [ 78.7212457, 26.7958521 ], [ 78.5767977, 26.7489951 ], [ 78.3955812, 26.8168144 ], [ 78.3614389, 26.8686036 ], [ 78.2682043, 26.8131151 ], [ 78.2222436, 26.8303782 ], [ 78.1263827, 26.7970851 ], [ 78.0961799, 26.6811759 ], [ 78.000319, 26.6947397 ], [ 77.903145, 26.6589805 ], [ 77.8269815, 26.5960936 ], [ 77.823042, 26.5504697 ], [ 77.7442522, 26.538139 ], [ 77.5236408, 26.4074328 ], [ 77.4382852, 26.4037336 ], [ 77.2702003, 26.266862 ], [ 77.1165602, 26.2200051 ], [ 76.9983755, 26.1299905 ], [ 76.9012014, 26.0929981 ], [ 76.7908957, 25.9425627 ], [ 76.7068532, 25.8994051 ], [ 76.6320029, 25.8994051 ], [ 76.5295762, 25.8118566 ], [ 76.5046261, 25.6712858 ], [ 76.5164446, 25.5270158 ], [ 76.6398819, 25.3839789 ], [ 76.777764, 25.3149265 ], [ 76.857867, 25.3321896 ], [ 77.0312046, 25.2939642 ], [ 77.0837311, 25.3371219 ], [ 77.2229264, 25.3186258 ], [ 77.2347449, 25.3790465 ], [ 77.3135347, 25.4320689 ], [ 77.3713138, 25.4086404 ], [ 77.3555559, 25.2631373 ], [ 77.4107087, 25.2236788 ], [ 77.3936376, 25.1188673 ], [ 77.2977767, 25.0868073 ], [ 77.1743393, 25.1114688 ], [ 77.0850442, 25.0547473 ], [ 76.9996886, 25.0744765 ], [ 76.8762513, 25.0411834 ], [ 76.8618065, 24.9610334 ], [ 76.9497884, 24.8697857 ], [ 76.8027141, 24.809365 ], [ 76.8565538, 24.7427788 ], [ 76.9642332, 24.7563426 ], [ 77.0298914, 24.7119519 ], [ 77.0653468, 24.6441326 ], [ 77.0548415, 24.5257572 ], [ 76.9773649, 24.4616372 ], [ 76.9182725, 24.4813665 ], [ 76.9182725, 24.5430203 ], [ 76.8158458, 24.5331557 ], [ 76.8460485, 24.4862988 ], [ 76.8631197, 24.2729764 ], [ 76.9458489, 24.2063903 ], [ 76.9012014, 24.1274734 ], [ 76.801401, 24.1163757 ], [ 76.7698851, 24.1607664 ], [ 76.6766505, 24.1903603 ], [ 76.6950348, 24.2840741 ], [ 76.616245, 24.2581795 ], [ 76.5505868, 24.1632326 ], [ 76.4704838, 24.2261195 ], [ 76.3220964, 24.2458488 ], [ 76.2131038, 24.2100895 ], [ 76.1855274, 24.329698 ], [ 76.1172429, 24.1940595 ], [ 76.1264351, 24.0880149 ], [ 75.9636028, 24.0189626 ], [ 75.9806739, 23.928948 ], [ 75.6536963, 23.7982418 ], [ 75.5840986, 23.7945426 ], [ 75.5762197, 23.8426326 ], [ 75.4619745, 23.914151 ], [ 75.5210668, 24.0238949 ], [ 75.5814723, 23.9906018 ], [ 75.6707674, 24.0177295 ], [ 75.7022833, 23.9659403 ], [ 75.836226, 24.057188 ], [ 75.7508704, 24.1435034 ], [ 75.8296602, 24.233518 ], [ 75.8112759, 24.2964049 ], [ 75.7403651, 24.3321641 ], [ 75.7311729, 24.3987503 ], [ 75.8139022, 24.4616372 ], [ 75.8388523, 24.4135472 ], [ 75.9097631, 24.4554718 ], [ 75.9150158, 24.5726142 ], [ 75.8257207, 24.6133057 ], [ 75.836226, 24.7279819 ], [ 75.7574362, 24.761275 ], [ 75.6103619, 24.6811249 ], [ 75.5827855, 24.7131849 ], [ 75.4554086, 24.6811249 ], [ 75.2282314, 24.7181173 ], [ 75.1901497, 24.7538765 ], [ 75.249242, 24.8303273 ], [ 75.3109607, 24.8007334 ], [ 75.4265191, 24.8845827 ], [ 75.2952027, 24.857455 ], [ 75.337224, 24.954868 ], [ 75.3345976, 25.0411834 ], [ 75.1980286, 25.0325519 ], [ 75.1139862, 24.9671988 ], [ 75.1166125, 24.8771842 ], [ 75.0338832, 24.8451242 ], [ 74.9235775, 24.8771842 ], [ 74.8434746, 24.9684319 ], [ 74.8264034, 24.9006127 ], [ 74.8605457, 24.7982673 ], [ 75.00762, 24.7711396 ], [ 75.0023673, 24.6860573 ], [ 74.9288302, 24.6355011 ], [ 74.8763036, 24.6428996 ], [ 74.8001402, 24.7797711 ], [ 74.7712506, 24.6613957 ], [ 74.814585, 24.666328 ], [ 74.7082188, 24.4862988 ], [ 74.855293, 24.4246449 ], [ 74.7804427, 24.3383295 ], [ 74.7751901, 24.2384503 ], [ 74.8671115, 24.2433826 ], [ 74.9393355, 24.0534887 ], [ 74.9826699, 24.025128 ], [ 74.9314565, 23.9573087 ], [ 74.9038801, 23.7945426 ], [ 74.9406486, 23.7649487 ], [ 74.9025669, 23.6243779 ], [ 74.8474141, 23.5516264 ], [ 74.6123578, 23.4628448 ], [ 74.5296286, 23.321041 ], [ 74.6268026, 23.2593871 ], [ 74.7134714, 23.2507556 ], [ 74.5965999, 23.1373125 ], [ 74.4639704, 23.081824 ], [ 74.3864938, 23.1114179 ], [ 74.3247751, 23.0608617 ], [ 74.3930596, 22.8968625 ], [ 74.4600309, 22.9079602 ], [ 74.4652836, 22.8167125 ], [ 74.4022517, 22.7316302 ], [ 74.3786148, 22.6342171 ], [ 74.2775012, 22.6465478 ], [ 74.2105299, 22.5639317 ], [ 74.1330532, 22.5195409 ], [ 74.0752741, 22.5516009 ], [ 74.1054768, 22.4295263 ], [ 74.2026509, 22.4677517 ], [ 74.2669959, 22.4060978 ], [ 74.1908324, 22.3197824 ], [ 74.0962847, 22.3703386 ], [ 74.0529503, 22.2938878 ], [ 74.10679, 22.2199032 ], [ 74.1291138, 22.0941293 ], [ 74.179014, 22.0854978 ], [ 74.0923452, 22.0152124 ], [ 74.1461849, 21.9523255 ], [ 74.2814407, 21.9325962 ], [ 74.4311413, 22.0300093 ], [ 74.4534651, 21.9621901 ], [ 74.5125574, 21.9313632 ], [ 74.5059916, 21.7266724 ], [ 74.5821551, 21.6650185 ], [ 74.7975139, 21.6095301 ], [ 74.886809, 21.6317254 ], [ 75.0509544, 21.5663724 ], [ 75.1074204, 21.4615608 ], [ 75.2991422, 21.38511 ], [ 75.7035965, 21.3875762 ], [ 75.8335997, 21.3764785 ], [ 75.9636028, 21.3900423 ], [ 76.0476453, 21.3493508 ], [ 76.0949191, 21.3715462 ], [ 76.1592641, 21.2556369 ], [ 76.1723958, 21.1668554 ], [ 76.1106771, 21.16069 ], [ 76.1671431, 21.0793069 ], [ 76.3759361, 21.0731415 ], [ 76.456039, 21.1076677 ], [ 76.4928076, 21.1939831 ], [ 76.6228108, 21.1853516 ], [ 76.6622057, 21.2753662 ], [ 76.6214976, 21.3320877 ], [ 76.7396823, 21.4110047 ], [ 76.7961483, 21.4899216 ], [ 76.7948352, 21.5935001 ], [ 76.9012014, 21.5971993 ], [ 77.0049413, 21.6785824 ], [ 77.1296918, 21.7217401 ], [ 77.2872714, 21.7217401 ], [ 77.2898977, 21.7599655 ], [ 77.4789932, 21.7698301 ], [ 77.5617225, 21.6650185 ], [ 77.5748541, 21.5269139 ], [ 77.5026302, 21.5528085 ], [ 77.4251535, 21.5380116 ], [ 77.4881854, 21.3740123 ], [ 77.5315198, 21.4196362 ], [ 77.5630357, 21.36908 ], [ 77.6917257, 21.3974408 ], [ 77.71011, 21.3567493 ], [ 77.823042, 21.4073054 ], [ 77.8834475, 21.3764785 ], [ 78.0817352, 21.4442977 ], [ 78.2235568, 21.5528085 ], [ 78.4270971, 21.5984324 ], [ 78.4362892, 21.5010193 ], [ 78.5413423, 21.5232147 ], [ 78.5859898, 21.4862223 ], [ 78.7278115, 21.4615608 ], [ 78.9444834, 21.5158162 ], [ 78.9142807, 21.5885677 ], [ 78.9746862, 21.6181616 ], [ 79.1073157, 21.6045977 ], [ 79.2241872, 21.6489885 ], [ 79.230753, 21.7217401 ], [ 79.3922721, 21.6736501 ], [ 79.496012, 21.6736501 ], [ 79.5406595, 21.5429439 ], [ 79.6522784, 21.5552747 ], [ 79.737634, 21.6033647 ], [ 79.8636977, 21.5306131 ], [ 79.9359217, 21.5565077 ], [ 80.067238, 21.5540416 ], [ 80.1933017, 21.6354247 ], [ 80.2707783, 21.6156954 ], [ 80.3771445, 21.5232147 ], [ 80.4217921, 21.4405985 ], [ 80.396842, 21.4085385 ], [ 80.5281583, 21.3949746 ], [ 80.6213929, 21.3197569 ], [ 80.6594746, 21.3345539 ], [ 80.7343249, 21.4603277 ], [ 80.7159406, 21.6748831 ], [ 80.7553355, 21.7624316 ], [ 80.8196805, 21.7476347 ], [ 80.8525096, 21.8721755 ], [ 80.831499, 21.8906716 ], [ 80.9076625, 22.1101593 ], [ 80.9470574, 22.1187909 ], [ 80.9838259, 22.0485055 ], [ 81.0219077, 22.1323547 ], [ 81.0192814, 22.2211363 ], [ 81.1190818, 22.2914217 ], [ 81.1112028, 22.4381578 ], [ 81.1729215, 22.4874809 ], [ 81.2320138, 22.4517217 ], [ 81.3265616, 22.5257063 ], [ 81.3817144, 22.5096763 ], [ 81.3961592, 22.440624 ], [ 81.5222229, 22.5392701 ], [ 81.660105, 22.5700971 ], [ 81.6469734, 22.6132548 ], [ 81.7283895, 22.6761417 ], [ 81.7940477, 22.7661563 ], [ 81.7756634, 22.8746671 ], [ 81.868898, 22.8943963 ], [ 81.9503141, 22.9831779 ], [ 81.9293035, 23.0620948 ], [ 82.126278, 23.1040194 ], [ 82.1617334, 23.1434779 ], [ 82.1446623, 23.2273271 ], [ 82.1945625, 23.3235071 ], [ 81.9857695, 23.4147548 ], [ 81.9240508, 23.5331302 ], [ 81.8203109, 23.5158671 ], [ 81.7467738, 23.5701225 ], [ 81.6443471, 23.4825741 ], [ 81.6102048, 23.5553256 ], [ 81.6207101, 23.6515056 ], [ 81.683742, 23.6909641 ], [ 81.6088917, 23.9030533 ], [ 81.667984, 23.9252487 ], [ 81.7073789, 23.8611287 ], [ 81.8229373, 23.8081064 ], [ 82.0080933, 23.8623618 ], [ 82.0934489, 23.8167379 ], [ 82.2063809, 23.8278356 ], [ 82.3350709, 23.801941 ], [ 82.4795189, 23.8056402 ], [ 82.6357853, 23.8377003 ], [ 82.6988172, 23.9252487 ], [ 82.810436, 23.9634741 ] ] ] } },
{ "type": "Feature", "properties": { "id": "27", "STNAME": "ODISHA", "STCODE11": "21", "STNAME_SH": "Odisha", "Shape_Le_1": 3709476.4124344899, "Shape_Area": 178356387104.314, "OBJECTID_1": 27, "OBJECTID": 27, "State_LGD": 21, "Shape_Leng": 3709476.41243, "MaxSimpTol": 300, "MinSimpTol": 300 }, "geometry": { "type": "Polygon", "coordinates": [ [ [ 84.764423, 19.0767898 ], [ 84.8169495, 19.1643383 ], [ 84.9837212, 19.3184729 ], [ 85.3067594, 19.5613891 ], [ 85.6783846, 19.7451176 ], [ 85.9462699, 19.8289668 ], [ 86.2299131, 19.9017184 ], [ 86.3730479, 19.9584399 ], [ 86.5240617, 20.1729953 ], [ 86.7827549, 20.3295961 ], [ 86.7906339, 20.3961823 ], [ 86.7249757, 20.3776861 ], [ 86.7367942, 20.4615353 ], [ 86.7893207, 20.5342869 ], [ 87.0558928, 20.7155492 ], [ 87.041448, 20.7587069 ], [ 86.8470999, 20.7698046 ], [ 86.9718504, 20.7932331 ], [ 86.977103, 20.8610523 ], [ 86.8523525, 21.09657 ], [ 86.8628578, 21.2223439 ], [ 86.9455871, 21.35305 ], [ 87.1478143, 21.5084177 ], [ 87.2357962, 21.5380116 ], [ 87.394689, 21.5330793 ], [ 87.4866104, 21.6095301 ], [ 87.4695393, 21.7328378 ], [ 87.2633726, 21.8191531 ], [ 87.2357962, 21.9572578 ], [ 87.170138, 21.9794532 ], [ 87.1084194, 21.9251978 ], [ 87.0992272, 21.8660101 ], [ 87.0020531, 21.9141001 ], [ 87.0283164, 22.0374078 ], [ 86.9600319, 22.0879639 ], [ 86.7223494, 22.1471516 ], [ 86.7262889, 22.217437 ], [ 86.6461859, 22.2679932 ], [ 86.534567, 22.3012863 ], [ 86.5043643, 22.3432109 ], [ 86.4439588, 22.3062186 ], [ 86.3599163, 22.3493763 ], [ 86.2837528, 22.4480224 ], [ 86.1182943, 22.4862478 ], [ 86.0683941, 22.5553001 ], [ 85.9738463, 22.5059771 ], [ 85.9567752, 22.4652855 ], [ 86.0184939, 22.425827 ], [ 86.0289992, 22.3345793 ], [ 85.9738463, 22.2470309 ], [ 86.0316255, 22.1903093 ], [ 86.0093017, 22.1163247 ], [ 85.8963697, 21.9831524 ], [ 85.8254589, 21.9745209 ], [ 85.7611139, 22.0102801 ], [ 85.8097009, 22.1150916 ], [ 85.6849504, 22.0546709 ], [ 85.4236309, 22.1582493 ], [ 85.3658517, 22.1594824 ], [ 85.2752435, 22.0817986 ], [ 85.2516065, 22.0275432 ], [ 85.0979664, 22.1064601 ], [ 85.0283688, 22.1224901 ], [ 85.078269, 22.2568955 ], [ 85.1163507, 22.2951209 ], [ 85.0572584, 22.4862478 ], [ 84.8865471, 22.4196617 ], [ 84.7591703, 22.4467894 ], [ 84.7499782, 22.4184286 ], [ 84.6291671, 22.4344586 ], [ 84.4807797, 22.4134963 ], [ 84.4295663, 22.3518424 ], [ 84.2916842, 22.3432109 ], [ 84.1406704, 22.425827 ], [ 84.1406704, 22.4739171 ], [ 84.0093541, 22.5257063 ], [ 84.0474358, 22.4689847 ], [ 83.9962225, 22.3715717 ], [ 83.863593, 22.3432109 ], [ 83.7572267, 22.2396324 ], [ 83.6272236, 22.2038732 ], [ 83.5431811, 22.057137 ], [ 83.5379285, 21.9695885 ], [ 83.606213, 21.9141001 ], [ 83.5760102, 21.8314839 ], [ 83.4932809, 21.8179201 ], [ 83.4827756, 21.7303716 ], [ 83.4184306, 21.6798154 ], [ 83.3501461, 21.51335 ], [ 83.3987332, 21.4048393 ], [ 83.3921674, 21.3431854 ], [ 83.2739827, 21.3777116 ], [ 83.1978192, 21.14466 ], [ 83.0783213, 21.1113669 ], [ 82.9443787, 21.1779531 ], [ 82.7933649, 21.1434269 ], [ 82.7565963, 21.1668554 ], [ 82.641038, 21.1545246 ], [ 82.6292195, 21.0386154 ], [ 82.5596219, 20.9461346 ], [ 82.488711, 20.9091423 ], [ 82.4821452, 20.8499546 ], [ 82.4059818, 20.8684508 ], [ 82.3390104, 20.8474884 ], [ 82.3495157, 20.7069177 ], [ 82.3770922, 20.632933 ], [ 82.3337578, 20.568813 ], [ 82.4374977, 20.4344076 ], [ 82.4007291, 20.3406938 ], [ 82.4374977, 20.2938369 ], [ 82.3862843, 20.1446345 ], [ 82.3994159, 20.0570861 ], [ 82.5963904, 19.9904999 ], [ 82.7158883, 19.9941991 ], [ 82.7080093, 19.8351322 ], [ 82.5819456, 19.783343 ], [ 82.6029562, 19.8671922 ], [ 82.4453766, 19.9103499 ], [ 82.3455762, 19.8363653 ], [ 82.2694128, 19.975703 ], [ 82.1840572, 19.9843345 ], [ 82.0632461, 20.0546199 ], [ 82.0330434, 20.0151614 ], [ 81.9463746, 20.1051761 ], [ 81.8754638, 20.0521538 ], [ 81.85314, 19.9189814 ], [ 81.9686984, 19.8597937 ], [ 81.9857695, 19.800606 ], [ 82.0606198, 19.7969068 ], [ 82.0593067, 19.6279753 ], [ 82.0291039, 19.5083668 ], [ 82.1000147, 19.5169983 ], [ 82.126278, 19.4294499 ], [ 82.1788045, 19.4368483 ], [ 82.1591071, 19.2654506 ], [ 82.2090073, 19.1211806 ], [ 82.2457758, 18.918956 ], [ 82.1761782, 18.902926 ], [ 82.1577939, 18.7857836 ], [ 82.0881962, 18.759889 ], [ 81.8951612, 18.6291829 ], [ 81.9608194, 18.5971229 ], [ 81.7690976, 18.4183267 ], [ 81.7507133, 18.3542067 ], [ 81.6587919, 18.3468082 ], [ 81.5261624, 18.2580267 ], [ 81.5261624, 18.1532151 ], [ 81.4802017, 18.0508697 ], [ 81.482828, 17.9768851 ], [ 81.3961592, 17.8202843 ], [ 81.6167706, 17.8227505 ], [ 81.7008131, 17.9029005 ], [ 81.748087, 17.8930359 ], [ 81.8084925, 17.9559228 ], [ 81.9621326, 18.0015467 ], [ 82.0304171, 18.070599 ], [ 82.166986, 18.0521028 ], [ 82.2641601, 17.9953813 ], [ 82.2707259, 18.0582682 ], [ 82.3390104, 18.055802 ], [ 82.3088077, 18.2050044 ], [ 82.3875975, 18.3295451 ], [ 82.3626474, 18.4220259 ], [ 82.4808321, 18.5490329 ], [ 82.560935, 18.4491536 ], [ 82.5359849, 18.4059959 ], [ 82.6055826, 18.3825675 ], [ 82.5858851, 18.2765228 ], [ 82.6357853, 18.2370644 ], [ 82.6751802, 18.3073498 ], [ 82.7723543, 18.3406428 ], [ 82.8143755, 18.4516198 ], [ 82.8944785, 18.3813344 ], [ 82.9653893, 18.359139 ], [ 83.075695, 18.4035298 ], [ 83.019229, 18.4565521 ], [ 83.091453, 18.5404013 ], [ 83.0428659, 18.5453336 ], [ 82.9995315, 18.6217844 ], [ 83.0559976, 18.6661752 ], [ 83.1374137, 18.7870167 ], [ 83.204385, 18.7524906 ], [ 83.413178, 18.8745652 ], [ 83.3225697, 18.9386852 ], [ 83.3081249, 19.000339 ], [ 83.3987332, 19.0102037 ], [ 83.4604518, 18.9559483 ], [ 83.4722703, 19.0965191 ], [ 83.5353022, 19.0114367 ], [ 83.6377289, 19.1532406 ], [ 83.6613658, 19.0804891 ], [ 83.7572267, 18.952249 ], [ 83.7926821, 19.0188352 ], [ 83.8517745, 18.8597683 ], [ 83.8911694, 18.8153775 ], [ 84.0434963, 18.8141444 ], [ 84.089457, 18.758656 ], [ 84.161681, 18.790716 ], [ 84.3192606, 18.7882498 ], [ 84.4216873, 18.9485498 ], [ 84.5136088, 19.0496621 ], [ 84.6239145, 19.0854214 ], [ 84.5937117, 19.1335114 ], [ 84.6646225, 19.1310452 ], [ 84.764423, 19.0767898 ] ] ] } },
{ "type": "Feature", "properties": { "id": "28", "STNAME": "TAMIL NADU", "STCODE11": "33", "STNAME_SH": "Tamil Nadu", "Shape_Le_1": 3413289.9293628, "Shape_Area": 136046453375.52, "OBJECTID_1": 28, "OBJECTID": 28, "State_LGD": 33, "Shape_Leng": 3413289.92936, "MaxSimpTol": 300, "MinSimpTol": 300 }, "geometry": { "type": "Polygon", "coordinates": [ [ [ 79.874203, 12.0433184 ], [ 80.0462274, 12.3121292 ], [ 80.1381488, 12.4107754 ], [ 80.1617857, 12.5118877 ], [ 80.2550203, 12.7806985 ], [ 80.260273, 12.9434647 ], [ 80.3469418, 13.3133878 ], [ 80.3259312, 13.445327 ], [ 80.268152, 13.5649355 ], [ 80.2418887, 13.4712216 ], [ 80.1131987, 13.5057478 ], [ 80.0816828, 13.5501386 ], [ 79.9989535, 13.5427401 ], [ 80.0462274, 13.493417 ], [ 79.9726902, 13.4687555 ], [ 79.930669, 13.3516132 ], [ 79.8623845, 13.317087 ], [ 79.761271, 13.3183201 ], [ 79.7310682, 13.2825608 ], [ 79.7941, 13.2418693 ], [ 79.7599578, 13.2073431 ], [ 79.681168, 13.2887262 ], [ 79.5340937, 13.2751624 ], [ 79.53672, 13.3392824 ], [ 79.3988379, 13.3306508 ], [ 79.4526776, 13.2381701 ], [ 79.4382328, 13.1876139 ], [ 79.3738878, 13.188847 ], [ 79.3449982, 13.1370578 ], [ 79.2097424, 13.1481554 ], [ 79.2346925, 13.1049978 ], [ 79.1624685, 13.0199154 ], [ 78.9956968, 13.0865016 ], [ 78.8131671, 13.0889678 ], [ 78.7146798, 13.0680054 ], [ 78.7054877, 13.0149831 ], [ 78.6201321, 12.9915547 ], [ 78.6332637, 12.932367 ], [ 78.5925557, 12.7831646 ], [ 78.5203317, 12.7363077 ], [ 78.4717446, 12.6314962 ], [ 78.3719442, 12.6265639 ], [ 78.2708307, 12.7054808 ], [ 78.1999198, 12.69315 ], [ 78.2314358, 12.7609693 ], [ 78.1342617, 12.7819316 ], [ 78.023956, 12.8571493 ], [ 78.0095112, 12.80536 ], [ 77.9294082, 12.8904423 ], [ 77.8322341, 12.8620816 ], [ 77.7403127, 12.6734208 ], [ 77.5984911, 12.6672554 ], [ 77.5866726, 12.5143539 ], [ 77.6339465, 12.4872262 ], [ 77.6168754, 12.3676177 ], [ 77.5275803, 12.2788361 ], [ 77.4789932, 12.2714377 ], [ 77.4724274, 12.2085507 ], [ 77.6103095, 12.2060846 ], [ 77.7271811, 12.1814231 ], [ 77.7731418, 12.1210023 ], [ 77.6759677, 11.9520707 ], [ 77.493438, 11.9434392 ], [ 77.4277799, 11.7609438 ], [ 77.3345453, 11.7708084 ], [ 77.2938372, 11.8090338 ], [ 77.1099943, 11.7732746 ], [ 77.1178733, 11.7214853 ], [ 77.0128203, 11.8151992 ], [ 76.9694859, 11.7769738 ], [ 76.9077672, 11.7954699 ], [ 76.8355432, 11.6561322 ], [ 76.8473617, 11.5944784 ], [ 76.7567534, 11.6191399 ], [ 76.5597789, 11.6228392 ], [ 76.5111919, 11.7054553 ], [ 76.4310889, 11.6659969 ], [ 76.4324021, 11.6314707 ], [ 76.3023989, 11.5710499 ], [ 76.2341145, 11.5710499 ], [ 76.2472461, 11.4674715 ], [ 76.3417938, 11.4674715 ], [ 76.4599785, 11.3885545 ], [ 76.5479605, 11.3589607 ], [ 76.5453341, 11.3010061 ], [ 76.4534127, 11.2393522 ], [ 76.4586654, 11.187563 ], [ 76.6293766, 11.1937284 ], [ 76.7055401, 11.2405853 ], [ 76.6950348, 11.1666007 ], [ 76.7475613, 11.1357737 ], [ 76.7462481, 11.0568568 ], [ 76.6595793, 10.9310829 ], [ 76.8289774, 10.8731283 ], [ 76.9012014, 10.8077752 ], [ 76.8670591, 10.6943322 ], [ 76.8828171, 10.6388437 ], [ 76.8381696, 10.5969191 ], [ 76.8158458, 10.4230552 ], [ 76.8486749, 10.3675667 ], [ 76.8302906, 10.3034467 ], [ 76.9025146, 10.2393267 ], [ 76.9839307, 10.2195975 ], [ 77.0443362, 10.2837175 ], [ 77.1756525, 10.3589352 ], [ 77.2951504, 10.2183644 ], [ 77.2675739, 10.1221844 ], [ 77.2045421, 10.0888913 ], [ 77.2636344, 10.0297036 ], [ 77.2728266, 9.9643505 ], [ 77.2124211, 9.8768021 ], [ 77.2242395, 9.7300659 ], [ 77.1664604, 9.6129236 ], [ 77.2702003, 9.5734651 ], [ 77.3292926, 9.5993597 ], [ 77.4120219, 9.5093451 ], [ 77.3660612, 9.460022 ], [ 77.3253531, 9.3367143 ], [ 77.2833319, 9.3009551 ], [ 77.2675739, 9.1529859 ], [ 77.1966631, 9.0469412 ], [ 77.1467629, 9.0210466 ], [ 77.1927236, 8.9260997 ], [ 77.2636344, 8.8422504 ], [ 77.1703999, 8.7423712 ], [ 77.2833319, 8.546312 ], [ 77.2006026, 8.5006881 ], [ 77.1690867, 8.3329896 ], [ 77.0981759, 8.2922981 ], [ 77.2334317, 8.1800881 ], [ 77.3319189, 8.1270658 ], [ 77.5551567, 8.0765096 ], [ 77.5827331, 8.1369304 ], [ 77.7941524, 8.162825 ], [ 77.8414263, 8.2516065 ], [ 77.9911269, 8.3502527 ], [ 78.0672904, 8.3749143 ], [ 78.0633509, 8.4119066 ], [ 78.1434538, 8.5019212 ], [ 78.1382012, 8.6807174 ], [ 78.2025462, 8.7559351 ], [ 78.1605249, 8.7744312 ], [ 78.1723434, 8.882942 ], [ 78.2196173, 8.9643251 ], [ 78.4060865, 9.1098282 ], [ 78.6569007, 9.1579182 ], [ 78.6477085, 9.1838128 ], [ 78.8761989, 9.2577974 ], [ 78.9956968, 9.2738274 ], [ 79.0902445, 9.2602636 ], [ 79.2084292, 9.2812259 ], [ 79.415909, 9.1764143 ], [ 79.3266139, 9.2590305 ], [ 79.310856, 9.3280828 ], [ 79.2675216, 9.2923236 ], [ 79.0666076, 9.2984889 ], [ 78.9956968, 9.347812 ], [ 78.9024622, 9.4637213 ], [ 78.9274123, 9.5845628 ], [ 78.9799388, 9.6893744 ], [ 79.1191341, 9.8521405 ], [ 79.1545895, 9.9310575 ], [ 79.2662084, 10.0395682 ], [ 79.2255003, 10.1012221 ], [ 79.2688347, 10.2343944 ], [ 79.3896458, 10.3170106 ], [ 79.5170226, 10.3133113 ], [ 79.7691499, 10.2713867 ], [ 79.858445, 10.2824844 ], [ 79.8689503, 10.3761983 ], [ 79.8413739, 10.8275045 ], [ 79.8046053, 10.8916245 ], [ 79.7245024, 10.9286168 ], [ 79.7481393, 11.0038345 ], [ 79.8545055, 10.9828722 ], [ 79.8571319, 11.171533 ], [ 79.8426871, 11.3515622 ], [ 79.7573315, 11.5574861 ], [ 79.7954132, 11.7856053 ], [ 79.7126839, 11.7917707 ], [ 79.7363209, 11.8435599 ], [ 79.8072317, 11.8336953 ], [ 79.8072317, 11.8361615 ], [ 79.7087444, 11.8694546 ], [ 79.7402603, 11.9052138 ], [ 79.6916733, 11.9520707 ], [ 79.7468262, 12.0075592 ], [ 79.7507657, 11.9200107 ], [ 79.8400608, 11.95577 ], [ 79.8571319, 12.0063261 ], [ 79.874203, 12.0433184 ] ], [ [ 79.6378336, 11.9865969 ], [ 79.6693495, 11.9187776 ], [ 79.624702, 11.9027476 ], [ 79.6378336, 11.9865969 ] ] ] } },
{ "type": "Feature", "properties": { "id": "29", "STNAME": "UTTAR PRADESH", "STCODE11": "09", "STNAME_SH": "Uttar Pradesh", "Shape_Le_1": 6507259.0067691803, "Shape_Area": 304638874120.66901, "OBJECTID_1": 29, "OBJECTID": 29, "State_LGD": 9, "Shape_Leng": 6507259.0067699999, "MaxSimpTol": 300, "MinSimpTol": 300 }, "geometry": { "type": "Polygon", "coordinates": [ [ [ 80.0646117, 28.8365945 ], [ 80.0304694, 28.7490461 ], [ 79.954306, 28.7231515 ], [ 79.8728898, 28.7971361 ], [ 79.8295554, 28.8846846 ], [ 79.7192497, 28.8452261 ], [ 79.4251012, 28.8674215 ], [ 79.40803, 28.9525038 ], [ 79.3069165, 28.9660676 ], [ 79.1427711, 29.06718 ], [ 79.1532764, 29.11527 ], [ 79.0364048, 29.1695253 ], [ 79.0088284, 29.1115707 ], [ 78.9195333, 29.1349992 ], [ 78.8761989, 29.2250138 ], [ 78.7908433, 29.2459761 ], [ 78.7343773, 29.2989984 ], [ 78.9116543, 29.3939454 ], [ 78.9182201, 29.4346369 ], [ 78.7068009, 29.5024561 ], [ 78.5807372, 29.5863054 ], [ 78.5216448, 29.6578239 ], [ 78.5137659, 29.7231769 ], [ 78.3351757, 29.7959285 ], [ 78.2603254, 29.7379739 ], [ 78.2038593, 29.7379739 ], [ 78.1303222, 29.6528915 ], [ 78.0213296, 29.5813731 ], [ 77.9333477, 29.6011023 ], [ 77.9832479, 29.64426 ], [ 77.9267819, 29.7145454 ], [ 77.8296078, 29.6676885 ], [ 77.7692023, 29.7182446 ], [ 77.774455, 29.7909962 ], [ 77.7140494, 29.8699131 ], [ 77.7337469, 29.9562285 ], [ 77.9123371, 30.1831147 ], [ 77.9372872, 30.2497008 ], [ 77.7219284, 30.3298508 ], [ 77.6483913, 30.4050685 ], [ 77.5761673, 30.3976701 ], [ 77.5853594, 30.3791739 ], [ 77.5840463, 30.3076554 ], [ 77.4054561, 30.0894008 ], [ 77.2767661, 30.0400777 ], [ 77.179592, 29.8131916 ], [ 77.1257523, 29.7700339 ], [ 77.1559551, 29.69235 ], [ 77.0968627, 29.5197192 ], [ 77.1480761, 29.4346369 ], [ 77.123126, 29.3705169 ], [ 77.1612077, 29.3322915 ], [ 77.131005, 29.2176154 ], [ 77.1336313, 29.0955407 ], [ 77.2334317, 28.9192107 ], [ 77.2097948, 28.8575569 ], [ 77.1992894, 28.7983692 ], [ 77.2912109, 28.7058884 ], [ 77.3306058, 28.7132868 ], [ 77.2990899, 28.5801145 ], [ 77.3450506, 28.5135284 ], [ 77.4776801, 28.4185814 ], [ 77.5052565, 28.3704914 ], [ 77.4921249, 28.252116 ], [ 77.5367724, 28.1658006 ], [ 77.4737406, 28.0881168 ], [ 77.5420251, 27.9894706 ], [ 77.5288934, 27.9253506 ], [ 77.4750537, 27.9290499 ], [ 77.2833319, 27.8008098 ], [ 77.3109083, 27.7884791 ], [ 77.3529295, 27.6516075 ], [ 77.3397979, 27.5270667 ], [ 77.4382852, 27.4567813 ], [ 77.4395983, 27.3901952 ], [ 77.5840463, 27.3211429 ], [ 77.6812204, 27.1941359 ], [ 77.5367724, 27.0979559 ], [ 77.6024306, 27.0227382 ], [ 77.6799072, 27.0473998 ], [ 77.742939, 26.9832798 ], [ 77.6602097, 26.970949 ], [ 77.4908117, 26.9006636 ], [ 77.3975771, 26.8303782 ], [ 77.4330325, 26.7674913 ], [ 77.5026302, 26.7687244 ], [ 77.5262671, 26.8192805 ], [ 77.7232416, 26.874769 ], [ 77.7600102, 26.9327236 ], [ 77.9491057, 26.8932651 ], [ 78.0961799, 26.8932651 ], [ 78.1185037, 26.9475205 ], [ 78.2721438, 26.9191598 ], [ 78.209112, 26.8686036 ], [ 78.2222436, 26.8303782 ], [ 78.2682043, 26.8131151 ], [ 78.3614389, 26.8686036 ], [ 78.3955812, 26.8168144 ], [ 78.5767977, 26.7489951 ], [ 78.7212457, 26.7958521 ], [ 78.8157934, 26.762559 ], [ 78.8722594, 26.698439 ], [ 79.0088284, 26.6639128 ], [ 78.989131, 26.5960936 ], [ 79.0718602, 26.4789513 ], [ 79.1348921, 26.4394928 ], [ 79.0889314, 26.3544105 ], [ 79.1348921, 26.3248166 ], [ 78.9523624, 26.1349228 ], [ 79.0127679, 26.0831335 ], [ 78.9484229, 26.0276451 ], [ 78.9366044, 25.9524274 ], [ 78.8827647, 25.9092697 ], [ 78.8499357, 25.8106235 ], [ 78.8184197, 25.8291197 ], [ 78.7632669, 25.7193758 ], [ 78.8171066, 25.6762181 ], [ 78.8118539, 25.6207296 ], [ 78.587303, 25.5566096 ], [ 78.4940684, 25.578805 ], [ 78.4284103, 25.5504443 ], [ 78.4310366, 25.4739935 ], [ 78.3548731, 25.4517981 ], [ 78.3010334, 25.3593173 ], [ 78.337802, 25.3297235 ], [ 78.3916417, 25.2014835 ], [ 78.458613, 25.1632581 ], [ 78.3391152, 25.0868073 ], [ 78.3338625, 24.9943265 ], [ 78.1736566, 24.8784173 ], [ 78.2773965, 24.6626288 ], [ 78.2642648, 24.5516519 ], [ 78.2288094, 24.538088 ], [ 78.2695175, 24.4468403 ], [ 78.3653784, 24.3864195 ], [ 78.3286098, 24.3272318 ], [ 78.3890154, 24.2631118 ], [ 78.5019474, 24.3901188 ], [ 78.5846767, 24.345728 ], [ 78.6687191, 24.2396834 ], [ 78.7685195, 24.2520141 ], [ 78.7895301, 24.1767964 ], [ 78.8880174, 24.2273526 ], [ 78.909028, 24.297638 ], [ 78.9707467, 24.3481941 ], [ 78.9930705, 24.4221788 ], [ 78.9142807, 24.4591711 ], [ 78.9536756, 24.5467195 ], [ 78.8827647, 24.6416665 ], [ 78.7842775, 24.5886442 ], [ 78.7435694, 24.6539972 ], [ 78.7816512, 24.7057865 ], [ 78.7698327, 24.858688 ], [ 78.6765981, 24.8981465 ], [ 78.6332637, 24.9671988 ], [ 78.6529612, 25.0510481 ], [ 78.6017478, 25.0954388 ], [ 78.5623529, 25.2212127 ], [ 78.5032606, 25.2890319 ], [ 78.5846767, 25.3469865 ], [ 78.6017478, 25.4086404 ], [ 78.7120535, 25.4283696 ], [ 78.659527, 25.3839789 ], [ 78.7750854, 25.3531519 ], [ 78.7330641, 25.4838581 ], [ 78.8551883, 25.4480989 ], [ 78.8420567, 25.5122189 ], [ 78.9392308, 25.5578427 ], [ 78.909028, 25.4419335 ], [ 78.9759993, 25.4197381 ], [ 78.9392308, 25.3469865 ], [ 78.8459962, 25.3556181 ], [ 78.8092276, 25.2705358 ], [ 78.8420567, 25.2273781 ], [ 78.8814516, 25.3432873 ], [ 78.9602414, 25.3445204 ], [ 78.9549887, 25.2619042 ], [ 78.8696331, 25.226145 ], [ 78.8801384, 25.1570927 ], [ 78.9943836, 25.2730019 ], [ 79.0639813, 25.2224458 ], [ 79.1243868, 25.1114688 ], [ 79.2832795, 25.1176342 ], [ 79.3226744, 25.1496942 ], [ 79.27934, 25.2446411 ], [ 79.3384324, 25.1977842 ], [ 79.3502509, 25.2643704 ], [ 79.2648952, 25.2693027 ], [ 79.3003507, 25.338355 ], [ 79.351564, 25.3297235 ], [ 79.4093432, 25.2557388 ], [ 79.4618697, 25.2643704 ], [ 79.3843931, 25.1422958 ], [ 79.4054037, 25.1065365 ], [ 79.4776277, 25.1274988 ], [ 79.5249016, 25.097905 ], [ 79.560357, 25.1706565 ], [ 79.5997519, 25.1274988 ], [ 79.7481393, 25.1398296 ], [ 79.8453134, 25.0942057 ], [ 79.8781425, 25.2508065 ], [ 80.0042062, 25.2668365 ], [ 80.0330958, 25.3420542 ], [ 80.131583, 25.3346558 ], [ 80.195928, 25.402475 ], [ 80.2642125, 25.4246704 ], [ 80.3154259, 25.3889112 ], [ 80.3114864, 25.2865658 ], [ 80.4034078, 25.2446411 ], [ 80.4322974, 25.178055 ], [ 80.3548207, 25.1385965 ], [ 80.3311838, 25.0473488 ], [ 80.2734046, 25.0263865 ], [ 80.3311838, 24.9918604 ], [ 80.4493685, 25.0781757 ], [ 80.4336105, 25.0239204 ], [ 80.4782581, 24.9733642 ], [ 80.5491689, 25.002958 ], [ 80.5005819, 25.0411834 ], [ 80.5925033, 25.1028373 ], [ 80.7881646, 25.0621457 ], [ 80.7251328, 25.0917396 ], [ 80.7973568, 25.1361304 ], [ 80.8433175, 25.1127019 ], [ 80.8446306, 25.1866865 ], [ 80.9129151, 25.1595588 ], [ 80.8682676, 25.1164011 ], [ 80.8525096, 24.9881611 ], [ 80.7921041, 24.9647327 ], [ 80.8354385, 24.9191088 ], [ 80.9470574, 24.9659657 ], [ 80.9575627, 24.9178757 ], [ 81.0849395, 24.9499357 ], [ 81.1400924, 24.8870488 ], [ 81.1676688, 24.954868 ], [ 81.2635297, 25.0535142 ], [ 81.2753482, 25.1632581 ], [ 81.4381804, 25.1311981 ], [ 81.4079777, 25.1053034 ], [ 81.490707, 25.0720104 ], [ 81.5143439, 25.1842204 ], [ 81.6154575, 25.1694234 ], [ 81.5996995, 25.0744765 ], [ 81.6666708, 25.0757096 ], [ 81.804553, 25.001725 ], [ 81.9069797, 25.0066573 ], [ 81.9030402, 24.8919811 ], [ 81.9437483, 24.841425 ], [ 82.0172854, 24.8463573 ], [ 82.1157727, 24.7847034 ], [ 82.2168862, 24.794568 ], [ 82.2300179, 24.6811249 ], [ 82.303555, 24.6539972 ], [ 82.295676, 24.6083734 ], [ 82.4164871, 24.5911103 ], [ 82.4059818, 24.6811249 ], [ 82.5241664, 24.6761926 ], [ 82.5386112, 24.6478319 ], [ 82.6712407, 24.6971549 ], [ 82.7066961, 24.6355011 ], [ 82.7736675, 24.6416665 ], [ 82.8012439, 24.5800126 ], [ 82.7434647, 24.4961634 ], [ 82.713262, 24.3802541 ], [ 82.7644753, 24.3765549 ], [ 82.7592227, 24.2372172 ], [ 82.7277067, 24.1348718 ], [ 82.6646749, 24.1287064 ], [ 82.713262, 24.074451 ], [ 82.7736675, 24.0756841 ], [ 82.7513437, 24.0127972 ], [ 82.810436, 23.9634741 ], [ 82.9483182, 23.8709933 ], [ 83.1413532, 23.8845572 ], [ 83.2083245, 23.9215495 ], [ 83.2240825, 23.9869026 ], [ 83.3291355, 24.1015787 ], [ 83.4092385, 24.2668111 ], [ 83.3803489, 24.313668 ], [ 83.4578255, 24.3642241 ], [ 83.3856015, 24.4517726 ], [ 83.4013595, 24.5035619 ], [ 83.5037862, 24.5257572 ], [ 83.5431811, 24.6281026 ], [ 83.5208574, 24.6774257 ], [ 83.39742, 24.778538 ], [ 83.3501461, 25.0091234 ], [ 83.3199434, 25.017755 ], [ 83.3567119, 25.2002504 ], [ 83.4932809, 25.2877988 ], [ 83.6482342, 25.3395881 ], [ 83.7020739, 25.3963096 ], [ 83.7900558, 25.3963096 ], [ 83.8767246, 25.5183842 ], [ 84.0172331, 25.6145643 ], [ 84.0815781, 25.6367596 ], [ 84.089457, 25.7132104 ], [ 84.1551152, 25.7292404 ], [ 84.2063286, 25.6700527 ], [ 84.3245133, 25.6700527 ], [ 84.3363317, 25.7440373 ], [ 84.5569432, 25.6799173 ], [ 84.5608827, 25.7366389 ], [ 84.627854, 25.7267743 ], [ 84.6252277, 25.7921274 ], [ 84.5346194, 25.8759766 ], [ 84.42694, 25.8907735 ], [ 84.3534029, 25.9585928 ], [ 84.3113816, 25.9437958 ], [ 84.2063286, 25.9992843 ], [ 84.089457, 26.1003966 ], [ 84.056628, 26.1003966 ], [ 84.0185462, 26.2385012 ], [ 84.0868307, 26.218772 ], [ 84.177439, 26.2656289 ], [ 84.177439, 26.3704405 ], [ 84.0684464, 26.3889366 ], [ 84.0224857, 26.4308613 ], [ 83.9082405, 26.4468913 ], [ 83.9148063, 26.5023797 ], [ 84.0474358, 26.5356728 ], [ 84.0868307, 26.6392513 ], [ 84.2811789, 26.5997928 ], [ 84.4203742, 26.6269205 ], [ 84.411182, 26.6700782 ], [ 84.3297659, 26.683642 ], [ 84.306129, 26.7502282 ], [ 84.2325918, 26.7539274 ], [ 84.2601683, 26.8044836 ], [ 84.2194602, 26.8710698 ], [ 84.1813785, 26.8340774 ], [ 84.1472362, 26.8858667 ], [ 84.0815781, 26.8772351 ], [ 84.0316779, 26.9413551 ], [ 84.0500621, 27.0437005 ], [ 83.9476354, 27.1127529 ], [ 83.9870303, 27.1978352 ], [ 83.91218, 27.2459252 ], [ 83.9345038, 27.3001806 ], [ 83.863593, 27.3445713 ], [ 83.6154051, 27.4691121 ], [ 83.3882279, 27.4789767 ], [ 83.4092385, 27.4123906 ], [ 83.3593383, 27.3433383 ], [ 83.2949933, 27.3347067 ], [ 83.1886271, 27.4543152 ], [ 83.034987, 27.4493829 ], [ 82.9299339, 27.5011721 ], [ 82.7342726, 27.5024052 ], [ 82.75397, 27.5862544 ], [ 82.6988172, 27.7218929 ], [ 82.4493161, 27.6799683 ], [ 82.2076941, 27.8439675 ], [ 82.1210253, 27.8649298 ], [ 82.069812, 27.9228845 ], [ 81.9673852, 27.9290499 ], [ 81.9004139, 27.8538322 ], [ 81.6981868, 27.9882375 ], [ 81.6443471, 27.9931699 ], [ 81.4775753, 28.0831845 ], [ 81.4447462, 28.1608683 ], [ 81.3160563, 28.1349737 ], [ 81.3199957, 28.1978606 ], [ 81.2320138, 28.2891083 ], [ 81.2110032, 28.3606268 ], [ 81.016655, 28.4161153 ], [ 81.016655, 28.4506414 ], [ 80.9155415, 28.4580399 ], [ 80.7146275, 28.5690168 ], [ 80.6673536, 28.6430015 ], [ 80.589877, 28.6799938 ], [ 80.5032082, 28.6639638 ], [ 80.5150267, 28.5517538 ], [ 80.4585606, 28.6245053 ], [ 80.3771445, 28.6282045 ], [ 80.316739, 28.7009561 ], [ 80.1197645, 28.827963 ], [ 80.0646117, 28.8365945 ] ] ] } },
{ "type": "Feature", "properties": { "id": "30", "STNAME": "WEST BENGAL", "STCODE11": "19", "STNAME_SH": "West Bengal", "Shape_Le_1": 7039218.8969878098, "Shape_Area": 102288826279.452, "OBJECTID_1": 30, "OBJECTID": 30, "State_LGD": 19, "Shape_Leng": 7039218.8969900003, "MaxSimpTol": 300, "MinSimpTol": 300 }, "geometry": { "type": "MultiPolygon", "coordinates": [ [ [ [ 88.8378554, 21.6045977 ], [ 88.8326027, 21.5528085 ], [ 88.907453, 21.5565077 ], [ 88.8378554, 21.6045977 ] ] ], [ [ [ 88.7735104, 21.6329585 ], [ 88.7183575, 21.6354247 ], [ 88.7117917, 21.5787031 ], [ 88.7984605, 21.5947331 ], [ 88.7735104, 21.6329585 ] ] ], [ [ [ 88.5844149, 21.6021316 ], [ 88.5187567, 21.6440562 ], [ 88.5660306, 21.5626731 ], [ 88.5844149, 21.6021316 ] ] ], [ [ [ 88.3204691, 21.6070639 ], [ 88.3493586, 21.6798154 ], [ 88.3112769, 21.7069431 ], [ 88.3204691, 21.6070639 ] ] ], [ [ [ 88.9205847, 21.6304924 ], [ 88.9363426, 21.7007778 ], [ 88.8825029, 21.7414693 ], [ 88.866745, 21.7007778 ], [ 88.9205847, 21.6304924 ] ] ], [ [ [ 88.4071378, 21.7328378 ], [ 88.3940062, 21.5898008 ], [ 88.4307748, 21.6255601 ], [ 88.4097642, 21.6539208 ], [ 88.4071378, 21.7328378 ] ] ], [ [ [ 88.9665454, 21.7402362 ], [ 88.9245241, 21.720507 ], [ 88.9468479, 21.7032439 ], [ 88.9652322, 21.6477554 ], [ 88.9901823, 21.6391239 ], [ 88.9941218, 21.6008985 ], [ 89.0138192, 21.6514547 ], [ 88.9849297, 21.6588531 ], [ 88.9665454, 21.7402362 ] ] ], [ [ [ 88.8378554, 21.7661308 ], [ 88.8037131, 21.6354247 ], [ 88.8562397, 21.6415901 ], [ 88.8378554, 21.7661308 ] ] ], [ [ [ 88.1261209, 21.6736501 ], [ 88.1037971, 21.7858601 ], [ 88.0328863, 21.6872139 ], [ 88.1116761, 21.624327 ], [ 88.1261209, 21.6736501 ] ] ], [ [ [ 88.4504722, 21.7920255 ], [ 88.4242089, 21.752567 ], [ 88.4176431, 21.6576201 ], [ 88.4530985, 21.6107631 ], [ 88.4701697, 21.6748831 ], [ 88.4504722, 21.7920255 ] ] ], [ [ [ 88.3546113, 21.7957247 ], [ 88.3020848, 21.7772285 ], [ 88.3270349, 21.7069431 ], [ 88.3546113, 21.7957247 ] ] ], [ [ [ 88.5555253, 21.7611985 ], [ 88.5200699, 21.7254393 ], [ 88.6067386, 21.6847478 ], [ 88.5555253, 21.7611985 ] ] ], [ [ [ 89.0151324, 21.7784616 ], [ 88.9560401, 21.7599655 ], [ 89.0125061, 21.7143416 ], [ 89.0374562, 21.6107631 ], [ 89.0912959, 21.6329585 ], [ 89.0742248, 21.7032439 ], [ 89.0151324, 21.7784616 ] ] ], [ [ [ 88.3598639, 21.8043562 ], [ 88.3152164, 21.8536793 ], [ 88.2626899, 21.7994239 ], [ 88.3598639, 21.8043562 ] ] ], [ [ [ 88.8943214, 21.784627 ], [ 88.8457344, 21.8586116 ], [ 88.8365422, 21.7883262 ], [ 88.8943214, 21.784627 ] ] ], [ [ [ 88.1326867, 21.8734085 ], [ 88.0840997, 21.7932585 ], [ 88.1221814, 21.7833939 ], [ 88.1484447, 21.6921462 ], [ 88.1655158, 21.8228524 ], [ 88.1326867, 21.8734085 ] ] ], [ [ [ 88.9823033, 21.8956039 ], [ 88.9757375, 21.8697093 ], [ 88.9521006, 21.8462808 ], [ 88.979677, 21.8179201 ], [ 89.028264, 21.8314839 ], [ 88.9823033, 21.8956039 ] ] ], [ [ [ 88.7774499, 21.8684762 ], [ 88.7157312, 21.9042355 ], [ 88.6907811, 21.7513339 ], [ 88.7459339, 21.6625524 ], [ 88.8207843, 21.8684762 ], [ 88.7774499, 21.8684762 ] ] ], [ [ [ 88.4898671, 21.8475139 ], [ 88.4439064, 21.9067016 ], [ 88.3992588, 21.8771078 ], [ 88.3992588, 21.8068224 ], [ 88.4898671, 21.8475139 ] ] ], [ [ [ 88.9442216, 21.9153332 ], [ 88.8234106, 21.9177993 ], [ 88.8916951, 21.8351832 ], [ 88.9008872, 21.7624316 ], [ 88.9481611, 21.768597 ], [ 88.9481611, 21.8277847 ], [ 88.9507874, 21.8561455 ], [ 88.9678585, 21.8709424 ], [ 88.9704849, 21.9067016 ], [ 88.9442216, 21.9153332 ] ] ], [ [ [ 88.7459339, 27.1423467 ], [ 88.5962333, 27.1892036 ], [ 88.4307748, 27.0794598 ], [ 88.3165296, 27.1250836 ], [ 88.1536973, 27.1102867 ], [ 88.0959181, 27.1337152 ], [ 88.0644022, 27.2138652 ], [ 88.014502, 27.211399 ], [ 87.9921782, 27.1078205 ], [ 88.0394521, 27.035069 ], [ 88.1326867, 26.9820467 ], [ 88.1208682, 26.9499867 ], [ 88.1878396, 26.7711905 ], [ 88.1602631, 26.6367851 ], [ 88.1051103, 26.5504697 ], [ 88.2626899, 26.4222297 ], [ 88.2784478, 26.3248166 ], [ 88.1458183, 26.2495989 ], [ 88.0735944, 26.1756143 ], [ 88.0341995, 26.1793135 ], [ 87.9646018, 26.0954643 ], [ 87.8542961, 26.010382 ], [ 87.8306592, 25.8710443 ], [ 87.9160148, 25.8537812 ], [ 87.9041963, 25.7723981 ], [ 88.0499574, 25.7021127 ], [ 88.0210678, 25.5960681 ], [ 88.0735944, 25.4838581 ], [ 87.9265201, 25.5393466 ], [ 87.765001, 25.3839789 ], [ 87.8529829, 25.290265 ], [ 87.8188407, 25.242175 ], [ 87.7623747, 25.2656035 ], [ 87.7111613, 25.258205 ], [ 87.7781326, 25.2508065 ], [ 87.7794458, 25.1435288 ], [ 87.7952037, 25.0868073 ], [ 87.958036, 24.970898 ], [ 87.9606623, 24.921575 ], [ 87.8963173, 24.857455 ], [ 87.8542961, 24.761275 ], [ 87.9081358, 24.7218165 ], [ 87.909449, 24.586178 ], [ 87.8083354, 24.5479526 ], [ 87.8227802, 24.4702688 ], [ 87.7610615, 24.3087357 ], [ 87.6389373, 24.2150218 ], [ 87.6954033, 24.1496687 ], [ 87.5430764, 24.0855487 ], [ 87.4971157, 24.1176087 ], [ 87.5115605, 24.0362257 ], [ 87.4445892, 24.0016995 ], [ 87.2449883, 24.0448572 ], [ 87.2948885, 23.9018203 ], [ 87.1491274, 23.7970087 ], [ 86.9153844, 23.8833241 ], [ 86.8037655, 23.801941 ], [ 86.799826, 23.6884979 ], [ 86.7131572, 23.6983625 ], [ 86.4899195, 23.6379418 ], [ 86.3874927, 23.5738218 ], [ 86.349411, 23.4406494 ], [ 86.2890055, 23.4295518 ], [ 86.148497, 23.465311 ], [ 86.1590023, 23.5590248 ], [ 86.0421308, 23.5861525 ], [ 86.0539493, 23.4862733 ], [ 85.8753591, 23.481341 ], [ 85.883238, 23.3506348 ], [ 85.8202062, 23.2680187 ], [ 85.8819249, 23.1693725 ], [ 86.043444, 23.144711 ], [ 86.0486966, 23.1064856 ], [ 86.1458707, 23.0756586 ], [ 86.1852656, 23.0053733 ], [ 86.5476987, 22.9881102 ], [ 86.5253749, 22.9474186 ], [ 86.4360798, 22.9264563 ], [ 86.4505246, 22.8623363 ], [ 86.4190087, 22.7908179 ], [ 86.5109301, 22.7045025 ], [ 86.5476987, 22.7205325 ], [ 86.6409332, 22.6576455 ], [ 86.6580044, 22.5750294 ], [ 86.7656838, 22.5750294 ], [ 86.8024523, 22.5022778 ], [ 86.751239, 22.4825486 ], [ 86.7643706, 22.4270601 ], [ 86.8457867, 22.3999324 ], [ 86.8326551, 22.3247147 ], [ 86.8864948, 22.2581286 ], [ 86.8234629, 22.2667601 ], [ 86.8024523, 22.217437 ], [ 86.7262889, 22.217437 ], [ 86.7223494, 22.1471516 ], [ 86.9600319, 22.0879639 ], [ 87.0283164, 22.0374078 ], [ 87.0020531, 21.9141001 ], [ 87.0992272, 21.8660101 ], [ 87.1084194, 21.9251978 ], [ 87.170138, 21.9794532 ], [ 87.2357962, 21.9572578 ], [ 87.2633726, 21.8191531 ], [ 87.4695393, 21.7328378 ], [ 87.4866104, 21.6095301 ], [ 87.6743927, 21.6502216 ], [ 87.8490434, 21.7402362 ], [ 87.9869256, 21.8709424 ], [ 88.0604627, 22.0176786 ], [ 88.1681421, 22.0780993 ], [ 88.1865264, 22.1175578 ], [ 88.1366262, 22.185377 ], [ 88.1891527, 22.1829109 ], [ 88.2206686, 22.0941293 ], [ 88.207537, 22.0263101 ], [ 88.1471315, 21.960957 ], [ 88.2114765, 21.7833939 ], [ 88.2022844, 21.6822816 ], [ 88.2600635, 21.5565077 ], [ 88.3020848, 21.5811693 ], [ 88.3020848, 21.6785824 ], [ 88.2561241, 21.800657 ], [ 88.2981453, 21.8561455 ], [ 88.3532981, 21.8672432 ], [ 88.3821877, 21.7944916 ], [ 88.392693, 21.8869724 ], [ 88.4478459, 21.9276639 ], [ 88.5056251, 21.9251978 ], [ 88.4964329, 21.8795739 ], [ 88.593607, 21.8956039 ], [ 88.5988597, 21.9819193 ], [ 88.6618915, 22.0559039 ], [ 88.6330019, 21.9547916 ], [ 88.6829021, 21.944927 ], [ 88.7511866, 22.0583701 ], [ 88.7630051, 21.9547916 ], [ 88.9008872, 21.9313632 ], [ 88.9035135, 22.0645355 ], [ 88.9468479, 21.9954832 ], [ 88.9324031, 21.9424609 ], [ 89.0072534, 21.9030024 ], [ 89.0637195, 21.9399947 ], [ 89.0742248, 22.0275432 ], [ 89.0427088, 22.1015278 ], [ 89.092609, 22.1459186 ], [ 88.9849297, 22.3259478 ], [ 89.0006876, 22.4295263 ], [ 88.9258373, 22.6502471 ], [ 88.9626059, 22.6847732 ], [ 88.9127057, 22.7587578 ], [ 88.9691717, 22.8438402 ], [ 88.9061399, 22.8857648 ], [ 88.8575528, 22.9683809 ], [ 88.866745, 23.1003202 ], [ 88.979677, 23.192801 ], [ 88.9061399, 23.2359587 ], [ 88.8115921, 23.2211617 ], [ 88.7183575, 23.2544548 ], [ 88.7590656, 23.4776418 ], [ 88.6540125, 23.5565587 ], [ 88.6461335, 23.6083479 ], [ 88.5620911, 23.6367087 ], [ 88.5870412, 23.8709933 ], [ 88.6540125, 23.866061 ], [ 88.7433076, 23.930181 ], [ 88.7288628, 24.0991126 ], [ 88.7406813, 24.2544803 ], [ 88.6829021, 24.3247657 ], [ 88.5594648, 24.3075026 ], [ 88.3638034, 24.409848 ], [ 88.1234946, 24.5171257 ], [ 88.1090498, 24.5775465 ], [ 88.0250073, 24.6885234 ], [ 88.0683417, 24.7637411 ], [ 88.1615763, 24.8488234 ], [ 88.1379394, 24.9363719 ], [ 88.2259213, 24.9598004 ], [ 88.2679425, 24.890748 ], [ 88.328348, 24.8710188 ], [ 88.3401665, 24.9400711 ], [ 88.3979457, 24.9462365 ], [ 88.4754223, 25.2138142 ], [ 88.5791622, 25.1768219 ], [ 88.6133045, 25.2039496 ], [ 88.7328023, 25.1990173 ], [ 88.8063395, 25.1694234 ], [ 88.843108, 25.2138142 ], [ 88.9205847, 25.1657242 ], [ 89.0006876, 25.2951973 ], [ 88.8838161, 25.3247912 ], [ 88.8404817, 25.3630165 ], [ 88.8115921, 25.5233166 ], [ 88.6461335, 25.4776927 ], [ 88.5397673, 25.5085196 ], [ 88.4990593, 25.5837373 ], [ 88.4452196, 25.5960681 ], [ 88.4544117, 25.6638873 ], [ 88.2679425, 25.7822627 ], [ 88.1156156, 25.7982927 ], [ 88.0932918, 25.930232 ], [ 88.1760211, 26.0214797 ], [ 88.1773343, 26.1484866 ], [ 88.3506718, 26.2212382 ], [ 88.3480455, 26.2816589 ], [ 88.4557249, 26.3778389 ], [ 88.521383, 26.3605759 ], [ 88.4846145, 26.4604551 ], [ 88.3336007, 26.4789513 ], [ 88.4123905, 26.6306197 ], [ 88.449159, 26.5319736 ], [ 88.6855284, 26.4098989 ], [ 88.6645178, 26.2582305 ], [ 88.7932078, 26.3100197 ], [ 88.843108, 26.2311028 ], [ 88.8759371, 26.2865912 ], [ 88.9573532, 26.2409674 ], [ 89.0505878, 26.2409674 ], [ 89.05978, 26.2939897 ], [ 88.9849297, 26.3013882 ], [ 88.9849297, 26.3507112 ], [ 88.9113925, 26.3667412 ], [ 88.9258373, 26.4320943 ], [ 88.9836165, 26.4468913 ], [ 89.0912959, 26.3938689 ], [ 89.100488, 26.2791928 ], [ 89.1490751, 26.2089074 ], [ 89.1556409, 26.138622 ], [ 89.229178, 26.1238251 ], [ 89.2541281, 26.0646374 ], [ 89.3933234, 26.0079158 ], [ 89.5495899, 26.0005174 ], [ 89.6493903, 26.0634043 ], [ 89.5955506, 26.1349228 ], [ 89.6585824, 26.1756143 ], [ 89.7189879, 26.1657497 ], [ 89.7045431, 26.2557643 ], [ 89.8306068, 26.3852374 ], [ 89.8700017, 26.6145897 ], [ 89.8516174, 26.6972059 ], [ 89.743938, 26.7329651 ], [ 89.6086822, 26.7280328 ], [ 89.6401981, 26.7773559 ], [ 89.5482767, 26.8131151 ], [ 89.4550421, 26.7983182 ], [ 89.3696865, 26.8575059 ], [ 89.2567545, 26.8081828 ], [ 89.1267513, 26.8069497 ], [ 89.0886696, 26.8895659 ], [ 89.0164456, 26.9376559 ], [ 88.9415953, 26.9314905 ], [ 88.9166452, 26.9980767 ], [ 88.8706845, 26.9450544 ], [ 88.866745, 27.1090536 ], [ 88.7459339, 27.1423467 ] ] ] ] } },
{ "type": "Feature", "properties": { "id": "31", "STNAME": "ANDHRA PRADESH", "STCODE11": "37", "STNAME_SH": "Andhra Pradesh", "Shape_Le_1": 5257128.9331325702, "Shape_Area": 177307958776.35599, "OBJECTID_1": 31, "OBJECTID": 31, "State_LGD": 28, "Shape_Leng": 5257128.9331299998, "MaxSimpTol": 300, "MinSimpTol": 300 }, "geometry": { "type": "Polygon", "coordinates": [ [ [ 84.764423, 19.0767898 ], [ 84.6646225, 19.1310452 ], [ 84.5937117, 19.1335114 ], [ 84.6239145, 19.0854214 ], [ 84.5136088, 19.0496621 ], [ 84.4216873, 18.9485498 ], [ 84.3192606, 18.7882498 ], [ 84.161681, 18.790716 ], [ 84.089457, 18.758656 ], [ 84.0434963, 18.8141444 ], [ 83.8911694, 18.8153775 ], [ 83.8517745, 18.8597683 ], [ 83.7926821, 19.0188352 ], [ 83.7572267, 18.952249 ], [ 83.6613658, 19.0804891 ], [ 83.6377289, 19.1532406 ], [ 83.5353022, 19.0114367 ], [ 83.4722703, 19.0965191 ], [ 83.4604518, 18.9559483 ], [ 83.3987332, 19.0102037 ], [ 83.3081249, 19.000339 ], [ 83.3225697, 18.9386852 ], [ 83.413178, 18.8745652 ], [ 83.204385, 18.7524906 ], [ 83.1374137, 18.7870167 ], [ 83.0559976, 18.6661752 ], [ 82.9995315, 18.6217844 ], [ 83.0428659, 18.5453336 ], [ 83.091453, 18.5404013 ], [ 83.019229, 18.4565521 ], [ 83.075695, 18.4035298 ], [ 82.9653893, 18.359139 ], [ 82.8944785, 18.3813344 ], [ 82.8143755, 18.4516198 ], [ 82.7723543, 18.3406428 ], [ 82.6751802, 18.3073498 ], [ 82.6357853, 18.2370644 ], [ 82.5858851, 18.2765228 ], [ 82.6055826, 18.3825675 ], [ 82.5359849, 18.4059959 ], [ 82.560935, 18.4491536 ], [ 82.4808321, 18.5490329 ], [ 82.3626474, 18.4220259 ], [ 82.3875975, 18.3295451 ], [ 82.3088077, 18.2050044 ], [ 82.3390104, 18.055802 ], [ 82.2707259, 18.0582682 ], [ 82.2641601, 17.9953813 ], [ 82.166986, 18.0521028 ], [ 82.0304171, 18.070599 ], [ 81.9621326, 18.0015467 ], [ 81.8084925, 17.9559228 ], [ 81.748087, 17.8930359 ], [ 81.7008131, 17.9029005 ], [ 81.6167706, 17.8227505 ], [ 81.3961592, 17.8202843 ], [ 81.2648429, 17.8116528 ], [ 81.1663556, 17.8572766 ], [ 81.0849395, 17.7980889 ], [ 81.0586763, 17.7327359 ], [ 80.9733206, 17.7808259 ], [ 80.8853387, 17.735202 ], [ 80.911602, 17.6377889 ], [ 80.8551359, 17.6020297 ], [ 80.9693812, 17.5983305 ], [ 81.0192814, 17.5206466 ], [ 81.1269607, 17.526812 ], [ 81.1479714, 17.4639251 ], [ 81.3121168, 17.4084366 ], [ 81.274035, 17.3171889 ], [ 81.1899926, 17.3245874 ], [ 81.1742346, 17.2308735 ], [ 81.0310998, 17.190182 ], [ 80.9194809, 17.2197758 ], [ 80.8787729, 17.1605881 ], [ 80.8708939, 17.0693404 ], [ 80.8288727, 17.0533104 ], [ 80.6988695, 17.0841373 ], [ 80.5806848, 17.1531897 ], [ 80.5137135, 17.1223627 ], [ 80.4651265, 17.029882 ], [ 80.4191657, 17.0927689 ], [ 80.3640129, 16.9756266 ], [ 80.4940161, 16.9275366 ], [ 80.5347241, 16.9620627 ], [ 80.6016954, 16.918905 ], [ 80.5623005, 16.8325896 ], [ 80.5701795, 16.7684696 ], [ 80.4651265, 16.7955973 ], [ 80.4270447, 16.8498527 ], [ 80.3797708, 16.8177927 ], [ 80.3114864, 16.9164389 ], [ 80.2825968, 17.0076866 ], [ 80.1867359, 17.0200173 ], [ 80.0554195, 16.9719273 ], [ 79.9989535, 16.8646496 ], [ 80.0724906, 16.8177927 ], [ 80.0554195, 16.7450412 ], [ 79.9634981, 16.6439288 ], [ 79.7927869, 16.7253119 ], [ 79.632581, 16.6599588 ], [ 79.439546, 16.6131019 ], [ 79.4185353, 16.5798088 ], [ 79.2570163, 16.566245 ], [ 79.2202477, 16.5144558 ], [ 79.2163082, 16.2271488 ], [ 79.1572159, 16.2086526 ], [ 79.0088284, 16.2407126 ], [ 78.9050885, 16.1839911 ], [ 78.9221596, 16.1038411 ], [ 78.8893306, 16.0853449 ], [ 78.8341777, 16.1445326 ], [ 78.8407435, 16.0779465 ], [ 78.7356905, 16.0076611 ], [ 78.6266979, 16.0878111 ], [ 78.5518476, 16.0421872 ], [ 78.4073996, 16.0754803 ], [ 78.2997203, 16.0113603 ], [ 78.2616385, 16.0261572 ], [ 78.2511332, 15.9349095 ], [ 78.1841619, 15.910248 ], [ 78.1749697, 15.8584588 ], [ 78.0988063, 15.8362634 ], [ 78.0252691, 15.9028495 ], [ 78.0095112, 15.862158 ], [ 77.8887002, 15.9065488 ], [ 77.8033445, 15.8744888 ], [ 77.6588966, 15.8855865 ], [ 77.5131355, 15.9275111 ], [ 77.2491897, 15.9645034 ], [ 77.0705994, 15.9090149 ], [ 77.0246387, 15.8374965 ], [ 77.0653468, 15.8276318 ], [ 77.0495888, 15.7302188 ], [ 77.1283786, 15.6660988 ], [ 77.0298914, 15.6340387 ], [ 77.0298914, 15.5020995 ], [ 76.9747385, 15.510731 ], [ 77.0640336, 15.3282356 ], [ 77.1520156, 15.2924764 ], [ 77.1257523, 15.2271233 ], [ 77.1690867, 15.1716349 ], [ 77.1126207, 15.0347633 ], [ 76.9852438, 15.0150341 ], [ 76.8775644, 15.029831 ], [ 76.8000878, 15.0951841 ], [ 76.7672587, 14.9755756 ], [ 76.8670591, 14.9694102 ], [ 76.8368564, 14.7906141 ], [ 76.8027141, 14.741291 ], [ 76.7646324, 14.6019533 ], [ 76.8683723, 14.4737133 ], [ 76.9747385, 14.484811 ], [ 76.9432226, 14.3997286 ], [ 76.8854434, 14.3479394 ], [ 76.9563542, 14.293684 ], [ 76.9392831, 14.2443609 ], [ 77.1165602, 14.2258648 ], [ 77.1362576, 14.3368417 ], [ 77.3634349, 14.2751879 ], [ 77.4146482, 14.2049025 ], [ 77.3791928, 14.3232779 ], [ 77.4816195, 14.2912179 ], [ 77.5039433, 14.1568125 ], [ 77.3936376, 14.1740755 ], [ 77.3476769, 14.1037901 ], [ 77.4002034, 14.1185871 ], [ 77.3319189, 14.0310386 ], [ 77.4264667, 13.9866478 ], [ 77.4343457, 13.9200617 ], [ 77.3476769, 13.9163624 ], [ 77.3713138, 13.9533548 ], [ 77.3227268, 14.0298055 ], [ 77.1415103, 14.0039109 ], [ 77.1270655, 14.0470686 ], [ 77.035144, 14.0557001 ], [ 77.0062544, 14.1839402 ], [ 76.8946356, 14.1679102 ], [ 76.9734254, 14.0840609 ], [ 76.9314041, 14.0298055 ], [ 77.0417099, 13.9336255 ], [ 76.9760517, 13.8177163 ], [ 77.0246387, 13.7794909 ], [ 77.1730262, 13.7622278 ], [ 77.1690867, 13.830047 ], [ 77.2203001, 13.8670394 ], [ 77.4330325, 13.8436109 ], [ 77.4645484, 13.8066186 ], [ 77.4553563, 13.6820778 ], [ 77.5249539, 13.6907093 ], [ 77.6208149, 13.7683932 ], [ 77.7193021, 13.8004532 ], [ 77.8374868, 13.8695055 ], [ 77.815163, 13.9323924 ], [ 77.895266, 13.941024 ], [ 77.9267819, 13.9052647 ], [ 77.9871874, 13.9558209 ], [ 77.9569846, 13.8362124 ], [ 78.0489061, 13.8966332 ], [ 78.1145642, 13.8633401 ], [ 78.1263827, 13.7868894 ], [ 78.0909273, 13.7424986 ], [ 78.0896141, 13.6586493 ], [ 78.2366884, 13.5994616 ], [ 78.4060865, 13.5772663 ], [ 78.3745706, 13.509447 ], [ 78.3653784, 13.3590116 ], [ 78.5321502, 13.2665308 ], [ 78.587303, 13.2800947 ], [ 78.5190185, 13.1197947 ], [ 78.5137659, 13.0618401 ], [ 78.4625525, 13.0433439 ], [ 78.4678052, 12.9755247 ], [ 78.3561863, 12.9409985 ], [ 78.3128519, 12.8583823 ], [ 78.2524464, 12.8608485 ], [ 78.2314358, 12.7609693 ], [ 78.1999198, 12.69315 ], [ 78.2708307, 12.7054808 ], [ 78.3719442, 12.6265639 ], [ 78.4717446, 12.6314962 ], [ 78.5203317, 12.7363077 ], [ 78.5925557, 12.7831646 ], [ 78.6332637, 12.932367 ], [ 78.6201321, 12.9915547 ], [ 78.7054877, 13.0149831 ], [ 78.7146798, 13.0680054 ], [ 78.8131671, 13.0889678 ], [ 78.9956968, 13.0865016 ], [ 79.1624685, 13.0199154 ], [ 79.2346925, 13.1049978 ], [ 79.2097424, 13.1481554 ], [ 79.3449982, 13.1370578 ], [ 79.3738878, 13.188847 ], [ 79.4382328, 13.1876139 ], [ 79.4526776, 13.2381701 ], [ 79.3988379, 13.3306508 ], [ 79.53672, 13.3392824 ], [ 79.5340937, 13.2751624 ], [ 79.681168, 13.2887262 ], [ 79.7599578, 13.2073431 ], [ 79.7941, 13.2418693 ], [ 79.7310682, 13.2825608 ], [ 79.761271, 13.3183201 ], [ 79.8623845, 13.317087 ], [ 79.930669, 13.3516132 ], [ 79.9726902, 13.4687555 ], [ 80.0462274, 13.493417 ], [ 79.9989535, 13.5427401 ], [ 80.0816828, 13.5501386 ], [ 80.1131987, 13.5057478 ], [ 80.2418887, 13.4712216 ], [ 80.268152, 13.5649355 ], [ 80.2353229, 13.7055063 ], [ 80.2537072, 13.7905886 ], [ 80.1525936, 14.0261063 ], [ 80.1276435, 14.1506471 ], [ 80.1683516, 14.3504056 ], [ 80.195928, 14.5871563 ], [ 80.1092592, 14.7388248 ], [ 80.0475405, 15.0803872 ], [ 80.0882486, 15.206161 ], [ 80.0843091, 15.270281 ], [ 80.1328962, 15.3837241 ], [ 80.2064333, 15.4737387 ], [ 80.2379492, 15.6019787 ], [ 80.2891626, 15.6932264 ], [ 80.4283579, 15.8054365 ], [ 80.5360373, 15.8522934 ], [ 80.6857379, 15.8818872 ], [ 80.8065489, 15.8411957 ], [ 80.8104884, 15.7215872 ], [ 80.9391784, 15.7166549 ], [ 81.008776, 15.7548803 ], [ 81.0153419, 15.8510603 ], [ 81.1479714, 15.974368 ], [ 81.2136295, 16.2074196 ], [ 81.2648429, 16.278938 ], [ 81.3922197, 16.343058 ], [ 81.4867675, 16.3553888 ], [ 81.6903078, 16.3282611 ], [ 81.7205105, 16.3072988 ], [ 81.8492005, 16.3726519 ], [ 81.9568799, 16.3960804 ], [ 82.2326442, 16.5415834 ], [ 82.2996155, 16.5563804 ], [ 82.3166867, 16.662425 ], [ 82.3652737, 16.7068158 ], [ 82.3442631, 16.7475073 ], [ 82.3613342, 16.854785 ], [ 82.3140603, 16.8461535 ], [ 82.2484022, 16.9053412 ], [ 82.319313, 17.0570096 ], [ 82.455882, 17.1852497 ], [ 82.7263936, 17.3554143 ], [ 82.9916526, 17.4725566 ], [ 83.0205422, 17.5070828 ], [ 83.1623638, 17.5601051 ], [ 83.2385273, 17.6118943 ], [ 83.4118648, 17.8104197 ], [ 83.4171175, 17.8548105 ], [ 83.541868, 17.9608551 ], [ 83.5681312, 18.0101782 ], [ 83.7493478, 18.1285536 ], [ 84.0723859, 18.2765228 ], [ 84.1485494, 18.3739359 ], [ 84.354716, 18.5551982 ], [ 84.4939113, 18.7413929 ], [ 84.5516905, 18.790716 ], [ 84.604217, 18.8893621 ], [ 84.764423, 19.0767898 ] ], [ [ 82.2260784, 16.758605 ], [ 82.2667864, 16.694485 ], [ 82.1932493, 16.7216127 ], [ 82.2260784, 16.758605 ] ] ] } },
{ "type": "Feature", "properties": { "id": "32", "STNAME": "PUDUCHERRY", "STCODE11": "34", "STNAME_SH": "Puducherry", "Shape_Le_1": 510322.79185957002, "Shape_Area": 528748483.85000002, "OBJECTID_1": 32, "OBJECTID": 32, "State_LGD": 34, "Shape_Leng": 510322.79186, "MaxSimpTol": 300, "MinSimpTol": 300 }, "geometry": { "type": "MultiPolygon", "coordinates": [ [ [ [ 79.8545055, 10.9828722 ], [ 79.7481393, 11.0038345 ], [ 79.7245024, 10.9286168 ], [ 79.8046053, 10.8916245 ], [ 79.8413739, 10.8275045 ], [ 79.8545055, 10.9828722 ] ] ], [ [ [ 79.8072317, 11.8336953 ], [ 79.7363209, 11.8435599 ], [ 79.7126839, 11.7917707 ], [ 79.7954132, 11.7856053 ], [ 79.8072317, 11.8336953 ] ] ], [ [ [ 79.8400608, 11.95577 ], [ 79.7507657, 11.9200107 ], [ 79.7468262, 12.0075592 ], [ 79.6916733, 11.9520707 ], [ 79.7402603, 11.9052138 ], [ 79.7087444, 11.8694546 ], [ 79.8072317, 11.8361615 ], [ 79.8400608, 11.95577 ] ] ], [ [ [ 79.6378336, 11.9865969 ], [ 79.624702, 11.9027476 ], [ 79.6693495, 11.9187776 ], [ 79.6378336, 11.9865969 ] ] ], [ [ [ 82.2260784, 16.758605 ], [ 82.1932493, 16.7216127 ], [ 82.2667864, 16.694485 ], [ 82.2260784, 16.758605 ] ] ] ] } },
{ "type": "Feature", "properties": { "id": "33", "STNAME": "MAHARASHTRA", "STCODE11": "27", "STNAME_SH": "Maharashtra", "Shape_Le_1": 5906415.61679006, "Shape_Area": 347877700927.448, "OBJECTID_1": 33, "OBJECTID": 33, "State_LGD": 27, "Shape_Leng": 5906415.6167900003, "MaxSimpTol": 300, "MinSimpTol": 300 }, "geometry": { "type": "Polygon", "coordinates": [ [ [ 80.6594746, 21.3345539 ], [ 80.6213929, 21.3197569 ], [ 80.5281583, 21.3949746 ], [ 80.396842, 21.4085385 ], [ 80.4217921, 21.4405985 ], [ 80.3771445, 21.5232147 ], [ 80.2707783, 21.6156954 ], [ 80.1933017, 21.6354247 ], [ 80.067238, 21.5540416 ], [ 79.9359217, 21.5565077 ], [ 79.8636977, 21.5306131 ], [ 79.737634, 21.6033647 ], [ 79.6522784, 21.5552747 ], [ 79.5406595, 21.5429439 ], [ 79.496012, 21.6736501 ], [ 79.3922721, 21.6736501 ], [ 79.230753, 21.7217401 ], [ 79.2241872, 21.6489885 ], [ 79.1073157, 21.6045977 ], [ 78.9746862, 21.6181616 ], [ 78.9142807, 21.5885677 ], [ 78.9444834, 21.5158162 ], [ 78.7278115, 21.4615608 ], [ 78.5859898, 21.4862223 ], [ 78.5413423, 21.5232147 ], [ 78.4362892, 21.5010193 ], [ 78.4270971, 21.5984324 ], [ 78.2235568, 21.5528085 ], [ 78.0817352, 21.4442977 ], [ 77.8834475, 21.3764785 ], [ 77.823042, 21.4073054 ], [ 77.71011, 21.3567493 ], [ 77.6917257, 21.3974408 ], [ 77.5630357, 21.36908 ], [ 77.5315198, 21.4196362 ], [ 77.4881854, 21.3740123 ], [ 77.4251535, 21.5380116 ], [ 77.5026302, 21.5528085 ], [ 77.5748541, 21.5269139 ], [ 77.5617225, 21.6650185 ], [ 77.4789932, 21.7698301 ], [ 77.2898977, 21.7599655 ], [ 77.2872714, 21.7217401 ], [ 77.1296918, 21.7217401 ], [ 77.0049413, 21.6785824 ], [ 76.9012014, 21.5971993 ], [ 76.7948352, 21.5935001 ], [ 76.7961483, 21.4899216 ], [ 76.7396823, 21.4110047 ], [ 76.6214976, 21.3320877 ], [ 76.6622057, 21.2753662 ], [ 76.6228108, 21.1853516 ], [ 76.4928076, 21.1939831 ], [ 76.456039, 21.1076677 ], [ 76.3759361, 21.0731415 ], [ 76.1671431, 21.0793069 ], [ 76.1106771, 21.16069 ], [ 76.1723958, 21.1668554 ], [ 76.1592641, 21.2556369 ], [ 76.0949191, 21.3715462 ], [ 76.0476453, 21.3493508 ], [ 75.9636028, 21.3900423 ], [ 75.8335997, 21.3764785 ], [ 75.7035965, 21.3875762 ], [ 75.2991422, 21.38511 ], [ 75.1074204, 21.4615608 ], [ 75.0509544, 21.5663724 ], [ 74.886809, 21.6317254 ], [ 74.7975139, 21.6095301 ], [ 74.5821551, 21.6650185 ], [ 74.5059916, 21.7266724 ], [ 74.5125574, 21.9313632 ], [ 74.4534651, 21.9621901 ], [ 74.4311413, 22.0300093 ], [ 74.2814407, 21.9325962 ], [ 74.1461849, 21.9523255 ], [ 74.050324, 21.9264309 ], [ 73.8730469, 21.8413485 ], [ 73.8165809, 21.8413485 ], [ 73.8244599, 21.7611985 ], [ 73.8835522, 21.7131085 ], [ 73.8874917, 21.6526877 ], [ 73.7876913, 21.6341916 ], [ 73.8467837, 21.5084177 ], [ 73.9964843, 21.5392447 ], [ 73.9951711, 21.5380116 ], [ 74.1763876, 21.5688385 ], [ 74.1987114, 21.5318462 ], [ 74.3300277, 21.5528085 ], [ 74.3208356, 21.4985531 ], [ 74.2092167, 21.4615608 ], [ 74.0608293, 21.4615608 ], [ 74.0450713, 21.4196362 ], [ 73.9439577, 21.399907 ], [ 73.9413314, 21.2987946 ], [ 73.8231467, 21.2704339 ], [ 73.8152677, 21.1742539 ], [ 73.6432434, 21.1397277 ], [ 73.599909, 21.1816523 ], [ 73.5775852, 21.1705546 ], [ 73.6182933, 21.1187654 ], [ 73.7325385, 21.0990362 ], [ 73.8691074, 20.9855931 ], [ 73.9413314, 20.84009 ], [ 73.9176945, 20.7254138 ], [ 73.8310257, 20.6748577 ], [ 73.8389047, 20.6206023 ], [ 73.7601149, 20.5737453 ], [ 73.6695066, 20.5626477 ], [ 73.4751585, 20.7204815 ], [ 73.3950555, 20.6526623 ], [ 73.4738453, 20.584843 ], [ 73.4672795, 20.4960615 ], [ 73.4042476, 20.3863176 ], [ 73.4278846, 20.280273 ], [ 73.4160661, 20.1976568 ], [ 73.2991946, 20.2099876 ], [ 73.278184, 20.1483338 ], [ 73.2112126, 20.119973 ], [ 73.1783836, 20.0472215 ], [ 73.1376755, 20.0854468 ], [ 73.0391883, 20.0669507 ], [ 72.9617116, 20.1310707 ], [ 72.9617116, 20.2087545 ], [ 72.8592849, 20.2247845 ], [ 72.7936267, 20.1224392 ], [ 72.7371607, 20.1347699 ], [ 72.7082711, 20.0706499 ], [ 72.7227159, 19.9941991 ], [ 72.7699898, 19.9535076 ], [ 72.763424, 19.8881545 ], [ 72.7108974, 19.959673 ], [ 72.6636236, 19.9337784 ], [ 72.7292817, 19.6020806 ], [ 72.7240291, 19.5404268 ], [ 72.7581713, 19.3751945 ], [ 72.8001925, 19.3295706 ], [ 72.7818083, 19.1655714 ], [ 72.827769, 19.0915868 ], [ 72.8028189, 18.902926 ], [ 72.868477, 18.7993475 ], [ 72.8553454, 18.6994683 ], [ 72.9236299, 18.5453336 ], [ 72.8947403, 18.4639505 ], [ 72.9144377, 18.3554398 ], [ 72.9932275, 18.2740567 ], [ 73.0536331, 18.2703574 ], [ 73.0680778, 18.2124028 ], [ 72.964338, 18.2802221 ], [ 72.9315089, 18.2198013 ], [ 73.0024197, 18.0212759 ], [ 73.0405014, 17.9781182 ], [ 73.1403018, 17.703142 ], [ 73.1376755, 17.5564058 ], [ 73.1941415, 17.4651581 ], [ 73.2190916, 17.3295197 ], [ 73.190202, 17.2986927 ], [ 73.2440417, 17.222242 ], [ 73.2913156, 17.077972 ], [ 73.2768708, 17.0360473 ], [ 73.3057604, 16.7302442 ], [ 73.3517211, 16.6131019 ], [ 73.3149525, 16.5403504 ], [ 73.3674791, 16.3640204 ], [ 73.4383899, 16.2024873 ], [ 73.5106139, 15.9373757 ], [ 73.5880905, 15.9090149 ], [ 73.6747593, 15.7265195 ], [ 73.8756732, 15.7511811 ], [ 73.9387051, 15.7425495 ], [ 73.9912316, 15.6118434 ], [ 74.1186085, 15.6525349 ], [ 74.1225479, 15.7203541 ], [ 74.227601, 15.7881734 ], [ 74.2381063, 15.7437826 ], [ 74.3681095, 15.7857072 ], [ 74.4061912, 15.8646242 ], [ 74.3864938, 15.9053157 ], [ 74.4626572, 16.0495857 ], [ 74.3615437, 16.054518 ], [ 74.4272018, 16.1124726 ], [ 74.4836678, 16.0902773 ], [ 74.5033653, 16.2246826 ], [ 74.3733621, 16.261675 ], [ 74.3168961, 16.3812834 ], [ 74.3326541, 16.4552681 ], [ 74.2893197, 16.4626665 ], [ 74.3155829, 16.5551473 ], [ 74.3799279, 16.5280196 ], [ 74.3969991, 16.5835081 ], [ 74.4665967, 16.6069365 ], [ 74.4547782, 16.6476281 ], [ 74.5440733, 16.6352973 ], [ 74.5690234, 16.5539142 ], [ 74.6872081, 16.6069365 ], [ 74.6530659, 16.6389965 ], [ 74.6911476, 16.7154473 ], [ 74.8500404, 16.7721689 ], [ 74.919638, 16.7721689 ], [ 74.9012538, 16.8621835 ], [ 74.9603461, 16.8806796 ], [ 74.9642856, 16.9472658 ], [ 75.0890361, 16.950965 ], [ 75.1822707, 16.8436873 ], [ 75.265, 16.8621835 ], [ 75.2794448, 16.9571304 ], [ 75.465914, 16.9879573 ], [ 75.4895509, 16.9447996 ], [ 75.6064224, 17.0039873 ], [ 75.6655148, 16.9793258 ], [ 75.6720806, 17.1161973 ], [ 75.6287462, 17.1889489 ], [ 75.6536963, 17.2740312 ], [ 75.6037961, 17.3048581 ], [ 75.5749065, 17.3837751 ], [ 75.6129882, 17.3924066 ], [ 75.6326857, 17.4774889 ], [ 75.6838991, 17.4170681 ], [ 75.8139022, 17.3726774 ], [ 75.8217812, 17.4207674 ], [ 75.9307737, 17.3221212 ], [ 76.1185561, 17.3702112 ], [ 76.1697695, 17.3529481 ], [ 76.3457333, 17.3541812 ], [ 76.3838151, 17.3147227 ], [ 76.4087652, 17.3714443 ], [ 76.3339149, 17.4343312 ], [ 76.3628045, 17.5379097 ], [ 76.3312885, 17.5970974 ], [ 76.4192705, 17.6032628 ], [ 76.4901813, 17.6599843 ], [ 76.487555, 17.7142397 ], [ 76.5610921, 17.7647959 ], [ 76.5702842, 17.7056082 ], [ 76.6149318, 17.7697282 ], [ 76.664832, 17.687112 ], [ 76.7908957, 17.8264497 ], [ 76.7396823, 17.8992013 ], [ 76.8066536, 17.8708405 ], [ 76.9195857, 17.9152313 ], [ 76.914333, 18.0348397 ], [ 76.9668596, 18.0977267 ], [ 76.9208988, 18.1174559 ], [ 76.9524148, 18.1877413 ], [ 77.1113075, 18.1556813 ], [ 77.1743393, 18.2851544 ], [ 77.2137342, 18.2802221 ], [ 77.2413107, 18.4121613 ], [ 77.3660612, 18.4516198 ], [ 77.4146482, 18.3936651 ], [ 77.356869, 18.3209136 ], [ 77.4382852, 18.3098159 ], [ 77.4474773, 18.2703574 ], [ 77.5512172, 18.2913198 ], [ 77.5262671, 18.3418759 ], [ 77.5512172, 18.4602513 ], [ 77.5958647, 18.5490329 ], [ 77.6562703, 18.5305367 ], [ 77.7389995, 18.5564313 ], [ 77.7298074, 18.6674083 ], [ 77.7875866, 18.6822052 ], [ 77.8401131, 18.8055129 ], [ 77.9491057, 18.8437383 ], [ 77.8584974, 18.9497829 ], [ 77.7718286, 18.9793767 ], [ 77.7652628, 19.063226 ], [ 77.8335473, 19.1347444 ], [ 77.8637501, 19.3049091 ], [ 77.9451662, 19.3431345 ], [ 78.0554719, 19.2370898 ], [ 78.1749697, 19.2370898 ], [ 78.1946672, 19.4072545 ], [ 78.3049729, 19.4565776 ], [ 78.2747702, 19.5626222 ], [ 78.3036597, 19.5687876 ], [ 78.2760833, 19.6920953 ], [ 78.3430546, 19.7130576 ], [ 78.3653784, 19.7808768 ], [ 78.2852755, 19.8560945 ], [ 78.3075992, 19.9140491 ], [ 78.3811364, 19.8807561 ], [ 78.4231576, 19.8178691 ], [ 78.4901289, 19.7932076 ], [ 78.5518476, 19.8240345 ], [ 78.8407435, 19.7623807 ], [ 78.852562, 19.6588022 ], [ 78.9549887, 19.656336 ], [ 78.9405439, 19.5515245 ], [ 79.045597, 19.5478253 ], [ 79.1900449, 19.4590437 ], [ 79.2333793, 19.5194645 ], [ 79.2504505, 19.6156445 ], [ 79.3660088, 19.576186 ], [ 79.4710619, 19.4997352 ], [ 79.6023782, 19.5145322 ], [ 79.6299546, 19.5737199 ], [ 79.7428867, 19.608246 ], [ 79.8164238, 19.5737199 ], [ 79.8650109, 19.5108329 ], [ 79.9451138, 19.4701414 ], [ 79.9726902, 19.415886 ], [ 79.9661244, 19.303676 ], [ 79.9254164, 19.2111952 ], [ 79.946427, 19.1692706 ], [ 79.858445, 19.1026844 ], [ 79.8715767, 19.0410306 ], [ 79.9372348, 19.0422637 ], [ 79.9621849, 18.8671667 ], [ 79.9162242, 18.8301744 ], [ 80.018651, 18.7697536 ], [ 80.1184514, 18.6809721 ], [ 80.195928, 18.6809721 ], [ 80.2734046, 18.7228967 ], [ 80.244515, 18.7561898 ], [ 80.3508813, 18.8153775 ], [ 80.2707783, 18.9386852 ], [ 80.3272443, 19.1347444 ], [ 80.3876498, 19.1803683 ], [ 80.3942156, 19.2444883 ], [ 80.4546212, 19.2753152 ], [ 80.4821976, 19.3382022 ], [ 80.5806848, 19.3973899 ], [ 80.6122007, 19.3098414 ], [ 80.6804852, 19.3295706 ], [ 80.6896774, 19.2864129 ], [ 80.7566487, 19.2888791 ], [ 80.8459438, 19.3554652 ], [ 80.8131147, 19.4331491 ], [ 80.8748334, 19.4454799 ], [ 80.895844, 19.5194645 ], [ 80.8354385, 19.5663214 ], [ 80.775033, 19.5626222 ], [ 80.6699799, 19.6094791 ], [ 80.6765457, 19.6994937 ], [ 80.4808844, 19.8277337 ], [ 80.4913897, 19.9017184 ], [ 80.4073473, 19.9128161 ], [ 80.4519948, 19.9572068 ], [ 80.5386636, 19.9522745 ], [ 80.5517952, 20.1175068 ], [ 80.4336105, 20.1347699 ], [ 80.3955288, 20.2445138 ], [ 80.6266455, 20.3357615 ], [ 80.5911901, 20.392483 ], [ 80.6318982, 20.5984069 ], [ 80.5202793, 20.5811438 ], [ 80.4808844, 20.6181361 ], [ 80.5806848, 20.6723915 ], [ 80.5491689, 20.7956992 ], [ 80.5465426, 20.9350369 ], [ 80.4638133, 20.9288715 ], [ 80.4244184, 21.0102546 ], [ 80.4638133, 21.1754869 ], [ 80.6437167, 21.2519377 ], [ 80.6594746, 21.3345539 ] ] ] } },
{ "type": "Feature", "properties": { "id": "34", "STNAME": "DAMAN & DIU", "STCODE11": "25", "STNAME_SH": "Daman & Diu", "Shape_Le_1": 87100.050196009994, "Shape_Area": 105502233.973, "OBJECTID_1": 34, "OBJECTID": 34, "State_LGD": 25, "Shape_Leng": 87100.050195999997, "MaxSimpTol": 300, "MinSimpTol": 300 }, "geometry": { "type": "MultiPolygon", "coordinates": [ [ [ [ 72.8212032, 20.3678215 ], [ 72.8776692, 20.3690546 ], [ 72.8881745, 20.4603023 ], [ 72.8553454, 20.4677007 ], [ 72.8212032, 20.3678215 ] ] ], [ [ [ 71.0077247, 20.7377446 ], [ 70.9197428, 20.7426769 ], [ 70.8764084, 20.7093838 ], [ 70.9775219, 20.7019854 ], [ 71.0077247, 20.7377446 ] ] ] ] } },
{ "type": "Feature", "properties": { "id": "35", "STNAME": "DADRA & NAGAR HAVELI", "STCODE11": "26", "STNAME_SH": "Dadra & Nagar Haveli", "Shape_Le_1": 204333.18284088999, "Shape_Area": 566187457.31799996, "OBJECTID_1": 35, "OBJECTID": 35, "State_LGD": 26, "Shape_Leng": 204333.182841, "MaxSimpTol": 300, "MinSimpTol": 300 }, "geometry": { "type": "Polygon", "coordinates": [ [ [ 73.2112126, 20.119973 ], [ 73.2177785, 20.1853261 ], [ 73.1376755, 20.2075215 ], [ 73.1153517, 20.152033 ], [ 73.0496936, 20.200123 ], [ 73.1665651, 20.3098669 ], [ 73.1009069, 20.3024684 ], [ 73.0969674, 20.360423 ], [ 73.0352488, 20.2913707 ], [ 72.9118114, 20.2691753 ], [ 72.9617116, 20.2087545 ], [ 72.9617116, 20.1310707 ], [ 73.0391883, 20.0669507 ], [ 73.1376755, 20.0854468 ], [ 73.1783836, 20.0472215 ], [ 73.2112126, 20.119973 ] ] ] } },
{ "type": "Feature", "properties": { "id": "36", "STNAME": "LADAKH", "STCODE11": "38", "STNAME_SH": "Ladakh", "Shape_Le_1": 3649905.5143077299, "Shape_Area": 251818120455.659, "OBJECTID_1": 36, "OBJECTID": 36, "State_LGD": 37, "Shape_Leng": 3649905.51431, "MaxSimpTol": 300, "MinSimpTol": 300 }, "geometry": { "type": "Polygon", "coordinates": [ [ [ 78.3982075, 32.525961 ], [ 78.4481077, 32.574051 ], [ 78.5767977, 32.6172087 ], [ 78.6201321, 32.5962464 ], [ 78.6608401, 32.654201 ], [ 78.7606406, 32.6554341 ], [ 78.8262987, 32.4384126 ], [ 78.8578146, 32.4408787 ], [ 78.9838783, 32.3385333 ], [ 79.0127679, 32.3767587 ], [ 79.1138815, 32.3841572 ], [ 79.1296394, 32.4655403 ], [ 79.2360057, 32.5062318 ], [ 79.3187349, 32.5925472 ], [ 79.4461118, 32.5321264 ], [ 79.6260151, 32.7368172 ], [ 79.4618697, 32.9193126 ], [ 79.3305534, 33.0117934 ], [ 79.4447986, 33.2053865 ], [ 79.4461118, 33.2645742 ], [ 79.238632, 33.2978673 ], [ 79.0954972, 33.294168 ], [ 78.9878178, 33.3323934 ], [ 78.9313518, 33.4322727 ], [ 78.9155938, 33.6320311 ], [ 79.1060025, 33.6172342 ], [ 79.0902445, 33.6862865 ], [ 79.0193337, 33.7060158 ], [ 79.0666076, 33.7565719 ], [ 79.0114547, 33.7861658 ], [ 78.9037754, 33.9711273 ], [ 79.0206469, 34.0500442 ], [ 79.0823656, 34.0216835 ], [ 79.15065, 34.0673073 ], [ 79.3975247, 34.0266158 ], [ 79.4933857, 34.1351266 ], [ 79.5052041, 34.205412 ], [ 79.5708623, 34.222675 ], [ 79.5905597, 34.2830958 ], [ 79.560357, 34.4101027 ], [ 79.5065173, 34.4742227 ], [ 79.5918729, 34.5001174 ], [ 79.7927869, 34.4853204 ], [ 79.7573315, 34.5543728 ], [ 79.7717763, 34.6197258 ], [ 79.8597582, 34.6887781 ], [ 79.9424875, 34.6801466 ], [ 80.067238, 34.7146728 ], [ 80.0711775, 34.8281159 ], [ 80.1736042, 35.0019797 ], [ 80.1814832, 35.165979 ], [ 80.2248176, 35.2190013 ], [ 80.3272443, 35.4717821 ], [ 80.2891626, 35.6074205 ], [ 80.1066329, 35.6801721 ], [ 79.9976403, 35.8367729 ], [ 79.8689503, 35.7825175 ], [ 79.7441998, 35.7997806 ], [ 79.5170226, 35.8836298 ], [ 79.4211617, 35.8959606 ], [ 79.3830799, 35.9933736 ], [ 79.2399451, 35.9859752 ], [ 79.1926713, 35.8860959 ], [ 79.1309526, 35.8355398 ], [ 79.0206469, 35.8478706 ], [ 78.9589282, 35.8922613 ], [ 78.8223592, 35.855269 ], [ 78.6634665, 35.8565021 ], [ 78.5203317, 35.7627882 ], [ 78.4218444, 35.7849836 ], [ 78.3850759, 35.7356605 ], [ 78.2721438, 35.7208636 ], [ 78.2537595, 35.6444128 ], [ 78.1986067, 35.6690744 ], [ 78.1355748, 35.5383682 ], [ 78.0410271, 35.5864582 ], [ 77.9648636, 35.5704282 ], [ 77.9044581, 35.4693159 ], [ 77.7324337, 35.5235713 ], [ 77.7219284, 35.4754813 ], [ 77.5105091, 35.4878121 ], [ 77.4382852, 35.4606844 ], [ 77.3201005, 35.5322028 ], [ 77.4592958, 35.5469998 ], [ 77.436972, 35.6407136 ], [ 77.356869, 35.7171644 ], [ 77.3135347, 35.6986682 ], [ 77.1625209, 35.7393598 ], [ 77.1139338, 35.7973144 ], [ 76.9340305, 35.7837506 ], [ 76.8105931, 35.8441713 ], [ 76.721298, 35.9526821 ], [ 76.8000878, 36.047629 ], [ 76.7186717, 36.0821552 ], [ 76.6359424, 36.1845006 ], [ 76.600487, 36.1647714 ], [ 76.4324021, 36.2510867 ], [ 76.4310889, 36.3078083 ], [ 76.350986, 36.3595975 ], [ 76.2538119, 36.3472668 ], [ 76.0765349, 36.4742737 ], [ 75.9228948, 36.5014014 ], [ 75.7469309, 36.5877168 ], [ 75.6156146, 36.7603476 ], [ 75.4737929, 36.8096706 ], [ 75.4265191, 36.9502414 ], [ 75.3503556, 36.9810684 ], [ 75.3424766, 37.0513537 ], [ 75.2072208, 37.0365568 ], [ 75.0956019, 36.942843 ], [ 75.0181253, 36.976136 ], [ 74.9104459, 36.912016 ], [ 74.8395351, 37.0217599 ], [ 74.7279162, 37.0254591 ], [ 74.7121582, 37.0735491 ], [ 74.5808419, 37.0427222 ], [ 74.5782156, 36.9477753 ], [ 74.5309417, 36.9860007 ], [ 74.428515, 36.9896999 ], [ 74.2604301, 36.8861214 ], [ 74.1685087, 36.9021514 ], [ 74.1422454, 36.8392645 ], [ 74.0555766, 36.8059714 ], [ 73.9373919, 36.8737907 ], [ 73.6892041, 36.910783 ], [ 73.7233463, 36.8330991 ], [ 73.8060756, 36.814603 ], [ 73.8993102, 36.7492499 ], [ 73.8940575, 36.7011599 ], [ 73.7246595, 36.7097914 ], [ 73.6997094, 36.6838968 ], [ 73.4410162, 36.7443176 ], [ 73.3596001, 36.7147237 ], [ 73.125857, 36.6863629 ], [ 73.1114122, 36.6099122 ], [ 72.9919144, 36.4570106 ], [ 72.8789823, 36.4422137 ], [ 72.8894876, 36.3978229 ], [ 72.6806947, 36.2621844 ], [ 72.5966522, 36.2634175 ], [ 72.5309941, 36.0735237 ], [ 72.5953391, 36.0266667 ], [ 72.5375599, 35.9144567 ], [ 72.6912, 35.8318406 ], [ 72.8290821, 35.8860959 ], [ 72.9039324, 35.8528029 ], [ 73.0378751, 35.8540359 ], [ 73.07727, 35.8860959 ], [ 73.1534335, 35.8417052 ], [ 73.1350492, 35.7183975 ], [ 73.4055608, 35.5630298 ], [ 73.6340512, 35.5716613 ], [ 73.7837518, 35.5248044 ], [ 73.7942571, 35.4594513 ], [ 73.7102147, 35.3866997 ], [ 73.7154673, 35.2251667 ], [ 73.777186, 35.2436628 ], [ 73.9163813, 35.2116028 ], [ 74.0385055, 35.1474828 ], [ 74.1133558, 35.151182 ], [ 74.1330532, 35.1067913 ], [ 74.2223483, 35.085829 ], [ 74.2538643, 35.0377389 ], [ 74.3799279, 35.0574682 ], [ 74.4298281, 35.1129566 ], [ 74.4981126, 35.1067913 ], [ 74.5874077, 35.0093782 ], [ 74.5677103, 34.8725066 ], [ 74.4574046, 34.8527774 ], [ 74.4140702, 34.7997551 ], [ 74.3195224, 34.7861912 ], [ 74.5519523, 34.7726274 ], [ 74.6517527, 34.6974097 ], [ 74.7331689, 34.6715151 ], [ 74.9248907, 34.6628835 ], [ 75.0207516, 34.6258912 ], [ 75.1743917, 34.6456205 ], [ 75.2387367, 34.6283574 ], [ 75.3595477, 34.5223127 ], [ 75.3201528, 34.4347643 ], [ 75.3713662, 34.4064035 ], [ 75.4133874, 34.2830958 ], [ 75.5946039, 34.1980135 ], [ 75.6550095, 34.2424043 ], [ 75.6865254, 34.158555 ], [ 75.7666283, 34.0599089 ], [ 75.8624893, 34.0179842 ], [ 75.8519839, 33.9809919 ], [ 76.0226952, 33.9970219 ], [ 76.0476453, 33.9292027 ], [ 76.2012854, 33.7750681 ], [ 76.270883, 33.7306773 ], [ 76.2840147, 33.661625 ], [ 76.2052249, 33.5691442 ], [ 76.2459329, 33.5457157 ], [ 76.3365412, 33.6110688 ], [ 76.415331, 33.5395504 ], [ 76.4494732, 33.5642119 ], [ 76.7711982, 33.2497772 ], [ 76.8447354, 33.2423788 ], [ 76.8171589, 33.1597626 ], [ 76.8854434, 33.1215372 ], [ 76.9327173, 33.0278234 ], [ 77.0101939, 32.989598 ], [ 77.1493892, 32.9785003 ], [ 77.1703999, 32.9106811 ], [ 77.3227268, 32.8514934 ], [ 77.3384848, 32.8169672 ], [ 77.4133351, 32.8835534 ], [ 77.4684879, 32.8588918 ], [ 77.6024306, 32.9427411 ], [ 77.7311206, 32.9748011 ], [ 77.8112235, 32.9069818 ], [ 77.7810208, 32.8650572 ], [ 77.9254687, 32.7725764 ], [ 77.9189029, 32.6911934 ], [ 78.016077, 32.6196749 ], [ 78.0988063, 32.6307726 ], [ 78.1421407, 32.6813287 ], [ 78.2196173, 32.6652987 ], [ 78.3877022, 32.7565464 ], [ 78.4047733, 32.6196749 ], [ 78.3128519, 32.574051 ], [ 78.3259835, 32.4717056 ], [ 78.3982075, 32.525961 ] ] ] } },
{ "type": "Feature", "properties": { "id": "37", "STNAME": "JAMMU & KASHMIR", "STCODE11": "01", "STNAME_SH": "Jammu & Kashmir", "Shape_Le_1": 1683035.89263943, "Shape_Area": 77283345331.653, "OBJECTID_1": 37, "OBJECTID": 37, "State_LGD": 1, "Shape_Leng": 1683035.89264, "MaxSimpTol": 300, "MinSimpTol": 300 }, "geometry": { "type": "Polygon", "coordinates": [ [ [ 76.7711982, 33.2497772 ], [ 76.4494732, 33.5642119 ], [ 76.415331, 33.5395504 ], [ 76.3365412, 33.6110688 ], [ 76.2459329, 33.5457157 ], [ 76.2052249, 33.5691442 ], [ 76.2840147, 33.661625 ], [ 76.270883, 33.7306773 ], [ 76.2012854, 33.7750681 ], [ 76.0476453, 33.9292027 ], [ 76.0226952, 33.9970219 ], [ 75.8519839, 33.9809919 ], [ 75.8624893, 34.0179842 ], [ 75.7666283, 34.0599089 ], [ 75.6865254, 34.158555 ], [ 75.6550095, 34.2424043 ], [ 75.5946039, 34.1980135 ], [ 75.4133874, 34.2830958 ], [ 75.3713662, 34.4064035 ], [ 75.3201528, 34.4347643 ], [ 75.3595477, 34.5223127 ], [ 75.2387367, 34.6283574 ], [ 75.1743917, 34.6456205 ], [ 75.0207516, 34.6258912 ], [ 74.9248907, 34.6628835 ], [ 74.7331689, 34.6715151 ], [ 74.6517527, 34.6974097 ], [ 74.5519523, 34.7726274 ], [ 74.3195224, 34.7861912 ], [ 74.4140702, 34.7997551 ], [ 74.4574046, 34.8527774 ], [ 74.5677103, 34.8725066 ], [ 74.5874077, 35.0093782 ], [ 74.4981126, 35.1067913 ], [ 74.4298281, 35.1129566 ], [ 74.3799279, 35.0574682 ], [ 74.2538643, 35.0377389 ], [ 74.2223483, 35.085829 ], [ 74.1330532, 35.1067913 ], [ 74.0660819, 35.0476036 ], [ 74.0726477, 34.9390928 ], [ 74.0293134, 34.8774389 ], [ 73.9176945, 34.8133189 ], [ 73.84941, 34.8170182 ], [ 73.7299121, 34.7713943 ], [ 73.6668803, 34.6838458 ], [ 73.6957699, 34.6530189 ], [ 73.6393039, 34.5654704 ], [ 73.5565746, 34.5925981 ], [ 73.4423294, 34.5654704 ], [ 73.4081871, 34.3866743 ], [ 73.4869769, 34.1881489 ], [ 73.5158665, 33.9994881 ], [ 73.5894037, 33.8835788 ], [ 73.5578877, 33.7836996 ], [ 73.5972826, 33.7158804 ], [ 73.5605141, 33.6209334 ], [ 73.6196064, 33.5740765 ], [ 73.6235459, 33.4655657 ], [ 73.5578877, 33.3681526 ], [ 73.6051616, 33.2510103 ], [ 73.656375, 33.2078526 ], [ 73.6274854, 33.0894772 ], [ 73.7351648, 33.0660488 ], [ 73.7876913, 32.9982295 ], [ 73.9570894, 32.9871318 ], [ 73.9872921, 32.9353426 ], [ 74.1777008, 32.8823203 ], [ 74.3838674, 32.7577795 ], [ 74.4600309, 32.7886064 ], [ 74.5099311, 32.7503811 ], [ 74.6346816, 32.7503811 ], [ 74.6333684, 32.8083357 ], [ 74.7042793, 32.8416288 ], [ 74.6543791, 32.7281857 ], [ 74.6517527, 32.5629533 ], [ 74.6806423, 32.4914349 ], [ 74.8198376, 32.4988333 ], [ 74.9472145, 32.4470441 ], [ 75.0273174, 32.4963672 ], [ 75.0995414, 32.477871 ], [ 75.1323705, 32.4088187 ], [ 75.1914628, 32.4260818 ], [ 75.3319713, 32.3274356 ], [ 75.4672271, 32.3249695 ], [ 75.5341984, 32.2781125 ], [ 75.5394511, 32.3360672 ], [ 75.6865254, 32.3903226 ], [ 75.7285466, 32.4519764 ], [ 75.8349128, 32.5111641 ], [ 75.9163289, 32.6135095 ], [ 75.8900657, 32.652968 ], [ 75.9242079, 32.7479149 ], [ 75.8007706, 32.8860195 ], [ 75.8427918, 32.9291772 ], [ 75.9544107, 32.8736888 ], [ 76.0988586, 32.9661695 ], [ 76.1119903, 33.0068611 ], [ 76.2472461, 33.021658 ], [ 76.2918936, 33.1030411 ], [ 76.4100783, 33.1868903 ], [ 76.5676579, 33.2103188 ], [ 76.6464477, 33.1622288 ], [ 76.7475613, 33.1794919 ], [ 76.7711982, 33.2497772 ] ] ] } }
]
}
